address,price,beds,baths,parking,propertyTypeFormatted
EAST MELBOURNE 12/174 George Street VIC 3002,495,1,1,1,Apartment / Unit / Flat
BRIGHTON 210/26 Warleigh Grove VIC 3186,595,2,2,1,Apartment / Unit / Flat
MELBOURNE 605/455 Elizabeth Street VIC 3000,500,2,1,0,Apartment / Unit / Flat
MELBOURNE 3510/500 Elizabeth Street VIC 3000,580,2,2,0,Apartment / Unit / Flat
MELBOURNE 309/402-408 La Trobe Street VIC 3000,450,2,1,0,Apartment / Unit / Flat
CARLTON G06/81 Cemetery Road VIC 3053,375,1,1,0,Apartment / Unit / Flat
ST KILDA EAST 7/1A Hughenden Road VIC 3183,340,1,1,1,Apartment / Unit / Flat
ABBOTSFORD EG07/11 Flockhart Street VIC 3067,375,2,1,0,Apartment / Unit / Flat
BRUNSWICK WEST 10/5 Allard Street VIC 3055,370,1,1,1,Apartment / Unit / Flat
EAST MELBOURNE 1105/162 Albert Street VIC 3002,420,2,1,1,Apartment / Unit / Flat
ARMADALE 6/6 Denbigh Road VIC 3143,710,2,2,1,Apartment / Unit / Flat
EAST MELBOURNE 107K/211 Powlett Street VIC 3002,550,1,1,1,Apartment / Unit / Flat
PORT MELBOURNE 409/108 Bay Street VIC 3207,550,1,2,1,Apartment / Unit / Flat
HAWTHORN 15/64 Auburn Rd VIC 3122,330,1,1,1,Apartment / Unit / Flat
ELWOOD 205/95 Ormond Road VIC 3184,410,1,1,1,Apartment / Unit / Flat
SOUTH YARRA 603/101 River Street VIC 3141,850,2,2,2,Apartment / Unit / Flat
MONTMORENCY 2/14 Binns Street VIC 3094,450,2,1,2,Apartment / Unit / Flat
SOUTHBANK 602/250 City Road VIC 3006,385,1,1,0,Apartment / Unit / Flat
ELWOOD 7/23 Bendigo Avenue VIC 3184,240,1,1,1,Apartment / Unit / Flat
MURRUMBEENA 5/34 Bute Street VIC 3163,340,1,1,1,Apartment / Unit / Flat
COLLINGWOOD 204/107 Cambridge Street VIC 3066,480,1,1,1,Apartment / Unit / Flat
CAULFIELD NORTH 10/663 Inkerman Road VIC 3161,525,2,1,1,Apartment / Unit / Flat
GLEN IRIS 1492 Malvern Road VIC 3146,230,1,1,0,Apartment / Unit / Flat
PORT MELBOURNE 214/54 Nott Street VIC 3207,440,1,1,1,Apartment / Unit / Flat
WODONGA 1/6 Rattray Avenue VIC 3690,250,2,1,1,Apartment / Unit / Flat
MOONEE PONDS 105/333 Ascot Vale Rd VIC 3039,480,2,2,1,Apartment / Unit / Flat
WINDSOR 12/30 James Street VIC 3181,70,1,1,1,Apartment / Unit / Flat
MELBOURNE 918/422 Collins St VIC 3000,600,2,1,0,Apartment / Unit / Flat
BENTLEIGH 2/116 Jasper Road VIC 3204,450,2,1,1,Apartment / Unit / Flat
FOOTSCRAY 1003/8 Joseph Road VIC 3011,480,2,2,1,Apartment / Unit / Flat
HAWTHORN 6/566 Glenferrie Road VIC 3122,480,2,1,1,Apartment / Unit / Flat
SOUTH YARRA 1203/77 River Street VIC 3141,570,2,1,1,Apartment / Unit / Flat
SOUTH YARRA 1102/32 Bray Street VIC 3141,525,2,1,1,Apartment / Unit / Flat
RESERVOIR 2/24 O'Connor Street VIC 3073,430,2,1,1,Apartment / Unit / Flat
MELBOURNE 911/408 Lonsdale Street VIC 3000,330,1,1,0,Apartment / Unit / Flat
HAWTHORN 3/23 Auburn Grove VIC 3122,450,2,1,1,Apartment / Unit / Flat
ELWOOD 3/27 Ruskin Street VIC 3184,550,2,1,1,Apartment / Unit / Flat
WODONGA 4/5 BELL COURT VIC 3690,230,1,1,1,Apartment / Unit / Flat
FITZROY NORTH 204/378-390 St George Road VIC 3068,800,2,2,1,Apartment / Unit / Flat
HAWTHORN 303/81 Riversdale Road VIC 3122,500,2,2,1,Apartment / Unit / Flat
TOORAK 3/402 Toorak Road VIC 3142,475,2,1,2,Apartment / Unit / Flat
WODONGA 4/4-6 WILSON STREET VIC 3690,350,2,1,1,Apartment / Unit / Flat
BRUNSWICK WEST 504/1 Olive York Way VIC 3055,450,2,2,1,Apartment / Unit / Flat
RINGWOOD 410/92 Maroondah Highway VIC 3134,440,2,2,1,Apartment / Unit / Flat
NOBLE PARK 10/10 Larbert Road VIC 3174,240,1,1,1,Apartment / Unit / Flat
ABBOTSFORD 514/6 Acacia Place VIC 3067,440,1,1,1,Apartment / Unit / Flat
GEELONG WEST 3/47 Wellington Street VIC 3218,340,2,1,1,Apartment / Unit / Flat
ABBOTSFORD 902/627 Victoria Street VIC 3067,425,1,1,0,Apartment / Unit / Flat
HIGHETT 314/284 Highett Rd VIC 3190,430,2,1,1,Apartment / Unit / Flat
RICHMOND 612/30 Burnley Street VIC 3121,425,1,1,1,Apartment / Unit / Flat
HAMPTON 2/36 Crisp St VIC 3188,625,2,2,1,Apartment / Unit / Flat
EAST MELBOURNE 4/23 Albert Street VIC 3002,475,1,1,0,Apartment / Unit / Flat
ST KILDA EAST 31/55 Hotham Street VIC 3183,550,3,1,1,Apartment / Unit / Flat
BRUNSWICK EAST 105/26 Barkly Street VIC 3057,400,1,1,1,Apartment / Unit / Flat
ELWOOD 2/117 Tennyson Street VIC 3184,560,2,2,2,Apartment / Unit / Flat
ST KILDA EAST 1/28 Wilgah Street VIC 3183,495,2,1,1,Apartment / Unit / Flat
CAULFIELD 313/15 Bond Street VIC 3162,450,2,1,1,Apartment / Unit / Flat
SOUTH YARRA 3/59 Avoca Street VIC 3141,580,2,1,0,Apartment / Unit / Flat
CAULFIELD SOUTH 2/193 Bambra Road VIC 3162,590,3,2,1,Apartment / Unit / Flat
CAULFIELD 2A Stephens Street VIC 3162,670,3,2,2,Apartment / Unit / Flat
ABBOTSFORD 714/20 Shamrock Street VIC 3067,350,1,1,0,Apartment / Unit / Flat
ELWOOD 4/5 Southey Court VIC 3184,575,2,1,1,Apartment / Unit / Flat
CANTERBURY 2/28 Milton Street VIC 3126,430,2,1,1,Apartment / Unit / Flat
CHADSTONE 336/70 Batesford Road VIC 3148,375,1,1,1,Apartment / Unit / Flat
SOUTH YARRA 512/77 River Street VIC 3141,430,1,1,1,Apartment / Unit / Flat
SOUTH MELBOURNE 1703/89-103 Gladstone Street VIC 3205,460,1,1,0,Apartment / Unit / Flat
WODONGA 2/4 ANNE STREET VIC 3690,240,1,1,1,Apartment / Unit / Flat
ST KILDA 5/2 Kipling Street VIC 3182,325,2,1,1,Apartment / Unit / Flat
ST KILDA 14/21 Marine Parade VIC 3182,1300,3,2,2,Apartment / Unit / Flat
FITZROY NORTH 111L/378-390 St Georges Road VIC 3068,440,1,1,1,Apartment / Unit / Flat
BALACLAVA 4/360 Carlisle Street VIC 3183,650,2,1,1,Apartment / Unit / Flat
MALVERN EAST 508/839 Dandenong Road VIC 3145,360,1,1,1,Apartment / Unit / Flat
MELBOURNE 1112/333-351 Exhibition Street VIC 3000,600,2,2,0,Apartment / Unit / Flat
FITZROY NORTH 22L/378-390 St Georges Road VIC 3068,570,2,2,1,Apartment / Unit / Flat
MENTONE G01/97 Beach Road VIC 3194,750,1,1,2,Apartment / Unit / Flat
MELBOURNE 602/118 Franklin Street VIC 3000,330,1,1,0,Apartment / Unit / Flat
GLEN IRIS 2/49 Osborne Avenue VIC 3146,770,2,2,2,Apartment / Unit / Flat
ABBOTSFORD 509A/1 Acacia Place VIC 3067,410,1,1,1,Apartment / Unit / Flat
BRUNSWICK 208/34 Union Street VIC 3056,490,2,1,1,Apartment / Unit / Flat
GLEN IRIS 12/70 Edgar Street North VIC 3146,295,1,1,1,Apartment / Unit / Flat
SOUTH YARRA 113/2 Hobson Street VIC 3141,410,1,1,1,Apartment / Unit / Flat
SOUTH YARRA 130/471 Malvern Road VIC 3141,400,1,1,1,Apartment / Unit / Flat
FOOTSCRAY 1303/8 Joseph Road VIC 3011,490,2,2,1,Apartment / Unit / Flat
EAST MELBOURNE 23/2 Wellington Crescent VIC 3002,750,2,2,2,Apartment / Unit / Flat
COLLINGWOOD 1304e/9 Robert Street VIC 3066,450,1,1,1,Apartment / Unit / Flat
MELBOURNE 4/180 Little Collins Street VIC 3000,500,1,1,0,Apartment / Unit / Flat
SOUTH YARRA 516/77 River Street VIC 3141,370,1,1,1,Apartment / Unit / Flat
MALVERN EAST 2/997 Dandenong Road VIC 3145,400,2,1,1,Apartment / Unit / Flat
RICHMOND 2/2 Smith Street VIC 3121,300,1,1,1,Apartment / Unit / Flat
SOUTH YARRA 9/63 Millswyn Street VIC 3141,495,2,1,1,Apartment / Unit / Flat
GLEN IRIS 310/770B Toorak Road Road VIC 3146,80,1,1,1,Apartment / Unit / Flat
BOX HILL 3/1 John Street VIC 3128,420,2,1,1,Apartment / Unit / Flat
BALWYN 4/84 Rochester Rd VIC 3103,480,2,1,1,Apartment / Unit / Flat
CAULFIELD NORTH 8/62 Hawthorn Road VIC 3161,600,2,2,2,Apartment / Unit / Flat
BURWOOD 108/326-328 Burwood Highway VIC 3125,500,2,1,1,Apartment / Unit / Flat
HUGHESDALE 1/30 Swindon Road VIC 3166,420,2,1,1,Apartment / Unit / Flat
GLEN IRIS 3/76 Glen Iris Road VIC 3146,415,2,1,2,Apartment / Unit / Flat
SOUTH MELBOURNE 1/333 Coventry Street VIC 3205,550,2,1,1,Apartment / Unit / Flat
MELBOURNE 1507/12 Queens Rd VIC 3004,700,2,2,1,Apartment / Unit / Flat
MELBOURNE 3002/288 Spencer St VIC 3000,510,2,1,1,Apartment / Unit / Flat
ELSTERNWICK 806/18 McCombie St VIC 3185,520,2,2,1,Apartment / Unit / Flat
OAKLEIGH 109/6 Dalgety Street VIC 3166,500,1,1,1,Apartment / Unit / Flat
MURRUMBEENA 4/15 Howe Street VIC 3163,290,1,1,1,Apartment / Unit / Flat
RICHMOND 6/137 Coppin Street VIC 3121,360,1,1,0,Apartment / Unit / Flat
FOOTSCRAY 2308/6 Joseph Road VIC 3011,400,1,1,1,Apartment / Unit / Flat
BRUNSWICK EAST 2005/178 Edward Street VIC 3057,550,2,1,1,Apartment / Unit / Flat
HAMPTON G05/18 Railway Crescent VIC 3188,750,2,2,1,Apartment / Unit / Flat
ELWOOD 6/30 Docker Street VIC 3184,470,1,1,1,Apartment / Unit / Flat
ST KILDA 1/38 Alma Rd VIC 3182,450,2,1,0,Apartment / Unit / Flat
SOUTHBANK 705/26 Southgate Avenue VIC 3006,530,1,1,1,Apartment / Unit / Flat
MELBOURNE 1605/565 Flinders Street VIC 3000,500,2,2,1,Apartment / Unit / Flat
RICHMOND 126/243-249A Bridge Road VIC 3121,400,1,1,1,Apartment / Unit / Flat
SOUTH YARRA 10/2 Lawson Grove VIC 3141,415,1,1,0,Apartment / Unit / Flat
RICHMOND 17/81 Edinburgh Street VIC 3121,300,1,1,1,Apartment / Unit / Flat
BRUNSWICK 9/67 Blyth St VIC 3056,490,2,1,1,Apartment / Unit / Flat
WINDSOR 16/174 Peel Street VIC 3181,385,1,1,1,Apartment / Unit / Flat
FITZROY 107/176 Argyle Street VIC 3065,450,1,1,0,Apartment / Unit / Flat
ABBOTSFORD 9/328 Johnston Street VIC 3067,600,2,1,1,Apartment / Unit / Flat
BRUNSWICK 2/6 Millward Street VIC 3056,390,2,1,1,Apartment / Unit / Flat
RICHMOND 209/8 Garfield Street VIC 3121,450,1,1,1,Apartment / Unit / Flat
MELBOURNE 2108/288 Spencer Street VIC 3000,350,1,1,0,Apartment / Unit / Flat
SOUTH YARRA 402/20 Garden Street VIC 3141,350,1,1,0,Apartment / Unit / Flat
FOOTSCRAY 2003/8 Joseph Road VIC 3011,520,2,2,1,Apartment / Unit / Flat
SOUTH MELBOURNE 1009/338 Kings Way VIC 3205,500,2,1,2,Apartment / Unit / Flat
TOORAK 11/8 Lamin Lane VIC 3142,465,1,1,1,Apartment / Unit / Flat
PRAHRAN 306/25 Clifton Street VIC 3181,425,2,1,0,Apartment / Unit / Flat
BRUNSWICK WEST 4/2 Waxman Parade VIC 3055,380,2,1,1,Apartment / Unit / Flat
WINDSOR 12/28 The Avenue VIC 3181,550,2,1,1,Apartment / Unit / Flat
PASCOE VALE 4/7 Vale Street VIC 3044,375,2,1,1,Apartment / Unit / Flat
RICHMOND 616/14 David Street VIC 3121,550,2,1,1,Apartment / Unit / Flat
BOX HILL NORTH 75A Watts Street VIC 3129,440,2,1,1,Apartment / Unit / Flat
PRAHRAN 310/22 Chatham Street VIC 3181,450,1,1,1,Apartment / Unit / Flat
PORT MELBOURNE 701/57 Bay Street VIC 3207,750,2,1,2,Apartment / Unit / Flat
MIDDLE PARK 8/49 Patterson Street VIC 3206,490,2,1,1,Apartment / Unit / Flat
HAWTHORN G.04/567 Glenferrie Road VIC 3122,430,1,1,1,Apartment / Unit / Flat
ELSTERNWICK 103/5-7 Nepean Highway VIC 3185,500,2,2,1,Apartment / Unit / Flat
SOUTH MELBOURNE 203/333 Ferrars Street VIC 3205,650,2,2,1,Apartment / Unit / Flat
MURRUMBEENA 6/19 Sydney Street VIC 3163,300,1,1,1,Apartment / Unit / Flat
KEW 14/58-62 Mary Street VIC 3101,470,2,1,1,Apartment / Unit / Flat
MELBOURNE 612/408 Lonsdale Street VIC 3000,350,1,1,0,Apartment / Unit / Flat
HAWTHORN 11/64 Auburn Rd VIC 3122,350,1,1,1,Apartment / Unit / Flat
HAWTHORN 7/165 Power Street VIC 3122,350,1,1,1,Apartment / Unit / Flat
DONCASTER 2/11 Firth Street VIC 3108,360,2,1,1,Apartment / Unit / Flat
MELBOURNE 902/133 Russell St VIC 3004,650,1,1,0,Apartment / Unit / Flat
FITZROY NORTH 5/55 May Street VIC 3068,350,2,1,1,Apartment / Unit / Flat
BRIGHTON 1/128 Male Street VIC 3186,525,2,1,1,Apartment / Unit / Flat
NORTHCOTE 2/3 Jessie Street VIC 3070,375,2,1,1,Apartment / Unit / Flat
BALWYN 5/19 Kireep Road VIC 3103,400,2,1,1,Apartment / Unit / Flat
TOORAK 15/21 Tintern Avenue VIC 3142,520,2,1,1,Apartment / Unit / Flat
CARNEGIE 2/44 Rosstown Road VIC 3163,545,3,1,1,Apartment / Unit / Flat
ELSTERNWICK 3/24 Elster Avenue VIC 3185,450,2,1,1,Apartment / Unit / Flat
EDITHVALE 5/8-10 Turakina Avenue VIC 3196,350,1,1,1,Apartment / Unit / Flat
ST KILDA 5/9 Marlton Crescent VIC 3182,520,2,1,0,Apartment / Unit / Flat
GLEN HUNTLY 3/22 Roseberry Grove VIC 3163,335,2,1,1,Apartment / Unit / Flat
GLEN IRIS 10/304 Tooronga Road VIC 3146,350,2,1,1,Apartment / Unit / Flat
MURRUMBEENA 8/24 Melbourne Street VIC 3163,270,1,1,1,Apartment / Unit / Flat
PRAHRAN 4/34 Clarke Street VIC 3181,360,1,1,1,Apartment / Unit / Flat
ST KILDA EAST 3/206 Alma Rd VIC 3183,250,1,1,0,Apartment / Unit / Flat
PRAHRAN 510/42 Porter Street VIC 3181,260,1,1,0,Apartment / Unit / Flat
CAMBERWELL 3/9 Eddy Street VIC 3124,470,2,1,1,Apartment / Unit / Flat
SOUTHBANK 3402/61 Haig Street VIC 3006,395,1,1,0,Apartment / Unit / Flat
ST KILDA EAST 12/7 Raglan Street VIC 3183,290,1,1,0,Apartment / Unit / Flat
MELBOURNE 309/77 Queens Road VIC 3004,430,1,1,1,Apartment / Unit / Flat
BRUNSWICK 805/288 Albert Street VIC 3056,450,2,1,1,Apartment / Unit / Flat
HAWTHORN 6/146 Riversdale Road VIC 3122,445,2,1,1,Apartment / Unit / Flat
ALPHINGTON 12/1 Rex Avenue VIC 3078,460,2,1,1,Apartment / Unit / Flat
CARNEGIE 5/20 Anzac Street VIC 3163,320,1,1,1,Apartment / Unit / Flat
PRAHRAN 2/227 Chapel Street VIC 3181,430,2,1,0,Apartment / Unit / Flat
ST KILDA EAST 6/23 Lansdowne Rd VIC 3183,350,2,1,1,Apartment / Unit / Flat
BRUNSWICK 208/5 Union Street VIC 3056,550,2,1,1,Apartment / Unit / Flat
MIDDLE PARK 1/262 Beaconsfield Parade VIC 3206,500,2,1,1,Apartment / Unit / Flat
SOUTHBANK 1306/285 City Road VIC 3006,500,2,1,1,Apartment / Unit / Flat
OAKLEIGH 16/30 Swindon Road VIC 3166,570,3,2,2,Apartment / Unit / Flat
EAST MELBOURNE Unit 13P/189 Powlett St VIC 3002,600,2,2,1,Apartment / Unit / Flat
PORT MELBOURNE 112/1 Danks Street VIC 3207,525,2,1,1,Apartment / Unit / Flat
HIGHETT 2/15 Karen Street VIC 3190,390,2,1,2,Apartment / Unit / Flat
ST KILDA WEST 30/233-235 Canterbury Road VIC 3182,310,1,1,1,Apartment / Unit / Flat
NORTH MELBOURNE 310/350 Victoria Street VIC 3051,445,2,1,1,Apartment / Unit / Flat
MELBOURNE 1505/250 Elizabeth Street VIC 3000,520,2,1,0,Apartment / Unit / Flat
DANDENONG 2/24 Power Street VIC 3175,399,3,2,2,Apartment / Unit / Flat
MELBOURNE 3510/442 Elizabeth St VIC 3000,680,2,1,0,Apartment / Unit / Flat
DOCKLANDS 1209/8 Pearl River Rd VIC 3008,420,1,1,0,Apartment / Unit / Flat
CANTERBURY 2/42 Hopetoun Avenue VIC 3126,650,3,1,2,Apartment / Unit / Flat
MELBOURNE 9/15 Rankins Lane VIC 3000,900,2,2,0,Apartment / Unit / Flat
BRUNSWICK 7/213-219 Brunswick Road VIC 3056,625,2,2,1,Apartment / Unit / Flat
MELBOURNE 2205/22-24 Jane Bell Lane VIC 3000,550,2,1,0,Apartment / Unit / Flat
SOUTH YARRA 4/209 Domain Road VIC 3141,575,2,1,1,Apartment / Unit / Flat
MCKINNON 8/66 Bent Street VIC 3204,495,2,2,1,Apartment / Unit / Flat
DOCKLANDS 1811/8 Marmion Pl VIC 3008,480,1,1,1,Apartment / Unit / Flat
GLENROY 4/48 William Street VIC 3046,380,2,1,1,Apartment / Unit / Flat
ST KILDA 2/52 Alma Road VIC 3182,330,1,1,1,Apartment / Unit / Flat
SOUTH YARRA 2003/7 Yarra Street VIC 3141,425,1,1,0,Apartment / Unit / Flat
BRUNSWICK EAST 401/269 Stewart Street VIC 3057,650,2,2,1,Apartment / Unit / Flat
CARNEGIE 3/16 Oakleigh Road VIC 3163,450,2,1,1,Apartment / Unit / Flat
KOOYONG 7/717 Toorak Road VIC 3144,1100,3,2,2,Apartment / Unit / Flat
SOUTH YARRA 7/38A Kensington Road VIC 3141,525,2,1,1,Apartment / Unit / Flat
PRAHRAN 716/15 Clifton Street VIC 3181,500,2,1,1,Apartment / Unit / Flat
ELSTERNWICK 222/138 Glen Eira Road VIC 3185,550,2,2,1,Apartment / Unit / Flat
PORT MELBOURNE 402/49 Beach Street VIC 3207,940,2,2,2,Apartment / Unit / Flat
RICHMOND 511/2 McGoun Street VIC 3121,550,2,2,1,Apartment / Unit / Flat
ST KILDA EAST 2/47 Gourlay Street VIC 3183,345,2,1,1,Apartment / Unit / Flat
MELBOURNE 2201/288 Spencer Street VIC 3000,400,1,1,0,Apartment / Unit / Flat
CAULFIELD 16/667 Glenhuntly Road VIC 3162,450,2,1,1,Apartment / Unit / Flat
GLEN IRIS 1.07/281 Tooronga Road VIC 3146,595,2,2,1,Apartment / Unit / Flat
CAULFIELD NORTH 4/14 Narong Road VIC 3161,570,2,1,2,Apartment / Unit / Flat
MALVERN EAST 6/919 Dandenong Road VIC 3145,365,1,1,1,Apartment / Unit / Flat
ST KILDA 206/126 Chapel Street VIC 3182,450,1,1,1,Apartment / Unit / Flat
ELSTERNWICK 5/39 Nepean Highway VIC 3185,430,2,1,1,Apartment / Unit / Flat
KOOYONG 2/11 Mernda Road VIC 3144,550,3,1,0,Apartment / Unit / Flat
MELBOURNE 2004/288 Spencer Street VIC 3000,360,1,1,0,Apartment / Unit / Flat
PRAHRAN 101/6 Percy Place VIC 3181,490,1,1,1,Apartment / Unit / Flat
TOORAK 5/1 St Georges Road VIC 3142,280,1,1,0,Apartment / Unit / Flat
CAULFIELD NORTH 1/17 Sebastopol Street VIC 3161,650,2,2,2,Apartment / Unit / Flat
NORTH MELBOURNE 315/188 Peel Street VIC 3051,310,1,1,0,Apartment / Unit / Flat
EAST MELBOURNE 104/150 Clarendon Street VIC 3002,950,1,1,1,Apartment / Unit / Flat
WEST MELBOURNE 201/65 Dudley Street VIC 3003,420,1,1,0,Apartment / Unit / Flat
RICHMOND 604/8 Burnley Street VIC 3121,600,2,2,2,Apartment / Unit / Flat
ELWOOD 2/24 Tennyson Street VIC 3184,420,2,1,1,Apartment / Unit / Flat
BOX HILL 19/16-18 Poplar Street VIC 3128,230,1,1,0,Apartment / Unit / Flat
MELBOURNE 405/15 Queens Road VIC 3004,550,2,2,1,Apartment / Unit / Flat
IVANHOE 108/56 Myrtle Street VIC 3079,385,1,1,1,Apartment / Unit / Flat
ARMADALE 4/597 Orrong Road VIC 3143,400,1,1,1,Apartment / Unit / Flat
SANDRINGHAM 6/36 Edward Street VIC 3191,410,2,1,1,Apartment / Unit / Flat
CARNEGIE 9/1264 Glen Huntly Road VIC 3163,340,1,1,1,Apartment / Unit / Flat
RICHMOND 13/160 Coppin Street VIC 3121,330,1,1,1,Apartment / Unit / Flat
WINDSOR 8/13 Lewisham Road VIC 3181,475,2,1,0,Apartment / Unit / Flat
KOOYONG 3/459 Glenferrie Road VIC 3144,660,2,1,1,Apartment / Unit / Flat
CAULFIELD NORTH 4/60 Eskdale Road VIC 3161,575,3,1,0,Apartment / Unit / Flat
ST KILDA 312/196 St Kilda Road VIC 3182,450,2,1,1,Apartment / Unit / Flat
ST KILDA 24/3 Herbert Street VIC 3182,350,1,1,0,Apartment / Unit / Flat
ELWOOD 3/97 Spray Street VIC 3184,450,2,1,1,Apartment / Unit / Flat
HAWTHORN 309/17 Lynch Street VIC 3122,495,2,2,1,Apartment / Unit / Flat
HAWTHORN 8/5 Glenroy Road VIC 3122,450,2,1,1,Apartment / Unit / Flat
CARNEGIE 3/27 Coorigil Rd VIC 3163,420,2,1,2,Apartment / Unit / Flat
HAWTHORN EAST 3/866 Toorak Road VIC 3123,430,1,1,1,Apartment / Unit / Flat
KEW 3/17 Pakington Street VIC 3101,850,3,2,2,Apartment / Unit / Flat
SOUTH KINGSVILLE 1/16 Vernon Street VIC 3015,475,2,1,1,Apartment / Unit / Flat
HAWTHORN EAST 7/50 Leura Grove VIC 3123,430,2,1,1,Apartment / Unit / Flat
MELBOURNE 101/25-33 Wills Street VIC 3000,400,1,1,0,Apartment / Unit / Flat
CARNEGIE 9/55 Blackwood Street VIC 3163,295,1,1,1,Apartment / Unit / Flat
MELBOURNE 18e/481 St Kilda Road VIC 3004,2800,3,3,2,Apartment / Unit / Flat
GLEN IRIS 2/5 Ellis Road VIC 3146,695,3,2,1,Apartment / Unit / Flat
SURREY HILLS 1/15 Union Road VIC 3127,560,3,2,1,Apartment / Unit / Flat
SOUTH YARRA 2C/381 Toorak Road VIC 3141,480,2,2,1,Apartment / Unit / Flat
BALWYN 4/48 Weir Street VIC 3103,470,1,1,0,Apartment / Unit / Flat
ALTONA 10/3 Robin Street VIC 3018,280,2,1,1,Apartment / Unit / Flat
BRIGHTON EAST 5/661-663 Nepean Highway VIC 3187,470,2,1,1,Apartment / Unit / Flat
HAWTHORN EAST 2/841 Toorak Road VIC 3123,570,3,1,1,Apartment / Unit / Flat
MELBOURNE 1211/200 Spencer Street VIC 3000,480,1,1,1,Apartment / Unit / Flat
MELBOURNE 1901/368 St Kilda Road VIC 3000,1800,3,2,2,Apartment / Unit / Flat
BRUNSWICK 504/2-6 Duckett Street VIC 3056,480,1,1,1,Apartment / Unit / Flat
KEW 6/103 Walpole Street VIC 3101,435,2,1,1,Apartment / Unit / Flat
COBURG 8/7-9 Bell Street VIC 3058,420,2,2,1,Apartment / Unit / Flat
ARMADALE 24/6-8 Avondale Road VIC 3143,400,2,1,0,Apartment / Unit / Flat
GLEN IRIS G03/1457 High Street VIC 3146,725,2,2,2,Apartment / Unit / Flat
MELBOURNE 2905B/11 Rose Lane VIC 3000,575,2,1,1,Apartment / Unit / Flat
BOX HILL 204/2-4 Kent Road VIC 3128,450,2,1,1,Apartment / Unit / Flat
SOUTH YARRA 1807/2 Claremont Street VIC 3141,630,2,1,1,Apartment / Unit / Flat
BRUNSWICK WEST 601/5 Olive York Way VIC 3055,430,2,1,1,Apartment / Unit / Flat
COLLINGWOOD 105/88 Cambridge Street VIC 3066,500,1,1,1,Apartment / Unit / Flat
FOOTSCRAY 1102/6 Joseph Road VIC 3011,550,2,2,1,Apartment / Unit / Flat
CARNEGIE 3/102 Truganini Road VIC 3163,375,2,1,0,Apartment / Unit / Flat
CAULFIELD NORTH 3/40 Northcote Avenue VIC 3161,520,3,1,1,Apartment / Unit / Flat
CAULFIELD NORTH 5/556 Dandenong Rd VIC 3161,460,2,1,1,Apartment / Unit / Flat
ALBERT PARK 9/123 Beaconsfield Parade VIC 3206,810,2,2,1,Apartment / Unit / Flat
ST KILDA 2401/14-16 The Esplanade VIC 3182,2800,3,2,2,Apartment / Unit / Flat
ELWOOD 1/3 Goldsmith St VIC 3184,425,1,1,1,Apartment / Unit / Flat
CAULFIELD NORTH 3/20 Malvern Grove VIC 3161,470,2,1,1,Apartment / Unit / Flat
PORT MELBOURNE 6d/9 Beach Street VIC 3207,650,2,2,1,Apartment / Unit / Flat
SOUTH YARRA 9/47-49 Caroline Street VIC 3141,895,3,2,2,Apartment / Unit / Flat
PRAHRAN 604/7 King Street VIC 3181,510,2,2,1,Apartment / Unit / Flat
BRUNSWICK 404/466 Lygon Street VIC 3056,380,1,1,1,Apartment / Unit / Flat
ELSTERNWICK 1/66 Riddell Parade VIC 3185,575,2,1,1,Apartment / Unit / Flat
CAULFIELD NORTH 6/359 Balaclava Road VIC 3161,310,1,1,0,Apartment / Unit / Flat
FOOTSCRAY 807/2 Joseph Road VIC 3011,390,1,1,1,Apartment / Unit / Flat
RICHMOND 5/26 Union Street VIC 3121,340,1,1,1,Apartment / Unit / Flat
TOORAK 1/11 Woorigoleen Road VIC 3142,750,3,2,1,Apartment / Unit / Flat
PRAHRAN 10/11 Irving Avenue VIC 3181,540,2,1,1,Apartment / Unit / Flat
BOX HILL 408/2 Elland Avenue VIC 3128,450,2,1,1,Apartment / Unit / Flat
RICHMOND 15/2 The Vaucluse VIC 3121,325,1,1,1,Apartment / Unit / Flat
GLEN IRIS 14 Straughan St VIC 3146,1250,6,4,3,Apartment / Unit / Flat
RINGWOOD NORTH 9/96 Oban Road VIC 3134,390,2,1,1,Apartment / Unit / Flat
PORT MELBOURNE 17/3 Seisman Place VIC 3207,625,2,1,1,Apartment / Unit / Flat
CAULFIELD NORTH 9/20 Kooyong Road VIC 3161,550,2,1,2,Apartment / Unit / Flat
BRIGHTON 9/9-11 Adamson Street VIC 3186,3000,3,3,2,Apartment / Unit / Flat
ELSTERNWICK 304/17 Gordon Street VIC 3185,00,1,1,1,Apartment / Unit / Flat
SOUTH YARRA 607/7 Claremont Street VIC 3141,620,2,2,1,Apartment / Unit / Flat
SOUTH YARRA 201/18 Claremont Street VIC 3141,420,1,1,0,Apartment / Unit / Flat
ELSTERNWICK 4/34 Horne Street VIC 3185,395,2,1,1,Apartment / Unit / Flat
MELBOURNE 102/9 Bligh Place VIC 3000,600,2,1,1,Apartment / Unit / Flat
ST KILDA EAST 3/45 Westbury St VIC 3183,320,2,1,1,Apartment / Unit / Flat
ELSTERNWICK 613B/455 Glen Huntly Road VIC 3185,470,1,1,1,Apartment / Unit / Flat
RICHMOND 45/69 Palmer Street VIC 3121,430,1,1,1,Apartment / Unit / Flat
MELBOURNE 3/27 Flinders Lane VIC 3000,420,1,1,0,Apartment / Unit / Flat
SOUTH YARRA 10/110 Caroline Street VIC 3141,475,2,1,0,Apartment / Unit / Flat
ST KILDA 2705/14-16 The Esplanade VIC 3182,1300,1,1,1,Apartment / Unit / Flat
SANDRINGHAM 8/19-21 Abbott Street VIC 3191,420,1,1,1,Apartment / Unit / Flat
KEW EAST 1/1 Namur Street VIC 3102,500,3,1,1,Apartment / Unit / Flat
BURWOOD EAST 1/235 Burwood Highway VIC 3151,475,3,2,2,Apartment / Unit / Flat
FOOTSCRAY 1202/8 Joseph Road VIC 3011,485,2,2,1,Apartment / Unit / Flat
COLLINGWOOD 311/75 Wellington St VIC 3066,700,2,2,1,Apartment / Unit / Flat
FOOTSCRAY 1305/8 Joseph Road VIC 3011,490,2,2,1,Apartment / Unit / Flat
FOOTSCRAY 705/8 Joseph Road VIC 3011,475,2,2,1,Apartment / Unit / Flat
CARNEGIE 8/27 Beena Avenue VIC 3163,360,2,1,1,Apartment / Unit / Flat
GLENROY 9/139 Melbourne Avenue VIC 3046,300,1,1,1,Apartment / Unit / Flat
HAMPTON EAST 11/290 South Road VIC 3188,400,2,1,1,Apartment / Unit / Flat
MALVERN EAST 205/2A Clarence Street VIC 3145,410,2,1,1,Apartment / Unit / Flat
GLEN IRIS 8/1512 Malvern Road VIC 3146,430,2,1,1,Apartment / Unit / Flat
BRUNSWICK 307/1C Michael Street VIC 3056,400,1,1,1,Apartment / Unit / Flat
MONT ALBERT 107/801 Whitehorse Road VIC 3127,535,2,1,2,Apartment / Unit / Flat
PRAHRAN 105/10 Porter Street VIC 3181,410,1,1,1,Apartment / Unit / Flat
SOUTH YARRA 1006/1 Clara Street VIC 3141,450,1,1,1,Apartment / Unit / Flat
SPRINGVALE 3/27 Royal Avenue VIC 3171,440,3,1,1,Apartment / Unit / Flat
SOUTH YARRA 205/20 Garden Street VIC 3141,450,2,1,1,Apartment / Unit / Flat
BRUNSWICK EAST 538/22 Barkly Street VIC 3057,600,2,1,1,Apartment / Unit / Flat
PORT MELBOURNE 30/8 Graham Street VIC 3207,530,2,1,1,Apartment / Unit / Flat
SOUTHBANK 1008/80 Clarendon Street VIC 3006,650,2,2,1,Apartment / Unit / Flat
DONCASTER 104/88 Tram Road VIC 3108,420,2,1,1,Apartment / Unit / Flat
THORNBURY 20/12 Dundas Street VIC 3071,240,1,1,1,Apartment / Unit / Flat
ST KILDA 2/257 Barkly Street VIC 3182,280,1,1,1,Apartment / Unit / Flat
FOOTSCRAY 1402/8 Joseph Road VIC 3011,485,2,2,1,Apartment / Unit / Flat
FOOTSCRAY 1608/8 Joseph Road VIC 3011,500,2,2,1,Apartment / Unit / Flat
HAWTHORN 102/21 Riversdale Road VIC 3122,800,2,2,2,Apartment / Unit / Flat
EAST MELBOURNE 1306V/296 Victoria Parade VIC 3002,750,1,1,0,Apartment / Unit / Flat
GLEN HUNTLY 4/3 Park Avenue VIC 3163,550,3,1,1,Apartment / Unit / Flat
COBURG 8/46 The Grove VIC 3058,340,1,1,1,Apartment / Unit / Flat
RICHMOND 3/34 Leslie Street VIC 3121,320,1,1,1,Apartment / Unit / Flat
ALBERT PARK 188B Kerferd Road VIC 3206,650,1,1,0,Apartment / Unit / Flat
ARMADALE 6/770 Malvern Road VIC 3143,450,3,1,1,Apartment / Unit / Flat
BLACKBURN NORTH 3/89 Surrey Road VIC 3130,405,2,1,1,Apartment / Unit / Flat
MELBOURNE 303/250 St Kilda Road VIC 3004,1395,2,2,2,Apartment / Unit / Flat
FITZROY NORTH 8/182 Barkly Street VIC 3068,310,1,1,0,Apartment / Unit / Flat
BRIGHTON 101/439 Bay Street VIC 3186,540,2,2,1,Apartment / Unit / Flat
PRESTON 11/326 Plenty Road VIC 3072,250,1,1,1,Apartment / Unit / Flat
BRUNSWICK 803/597 Sydney Road VIC 3056,350,1,1,1,Apartment / Unit / Flat
ST KILDA 4/73 Alma Road VIC 3182,425,2,1,1,Apartment / Unit / Flat
CLAYTON 2/17 Sarton Road VIC 3168,595,5,3,2,Apartment / Unit / Flat
PRAHRAN 6 Percy Place VIC 3181,715,2,2,1,Apartment / Unit / Flat
COLLINGWOOD 2/61 Little Oxford Street VIC 3066,550,2,1,1,Apartment / Unit / Flat
MELBOURNE 5401/464 Collins Street VIC 3000,2500,3,3,2,Apartment / Unit / Flat
MALVERN EAST 104/226 Waverley Road VIC 3145,375,1,1,1,Apartment / Unit / Flat
PRAHRAN 203/72 High Street VIC 3181,360,2,1,1,Apartment / Unit / Flat
PRAHRAN 48/321 Chapel Street VIC 3181,450,1,1,0,Apartment / Unit / Flat
CAULFIELD NORTH 2/372 Orrong Road VIC 3161,550,2,1,1,Apartment / Unit / Flat
SOUTH YARRA 15/85 Caroline Street VIC 3141,400,1,1,1,Apartment / Unit / Flat
FLEMINGTON 4/121 Wellington St VIC 3031,415,2,1,1,Apartment / Unit / Flat
PRAHRAN 1/8 Princes Close VIC 3181,620,2,2,0,Apartment / Unit / Flat
PRAHRAN 817/132 Commercial Road VIC 3181,450,1,1,1,Apartment / Unit / Flat
BALACLAVA 201/356 Carlisle Street VIC 3183,375,1,1,1,Apartment / Unit / Flat
EAST MELBOURNE 13/86 Hotham Street VIC 3002,450,1,1,1,Apartment / Unit / Flat
SOUTH YARRA 4/90 Clowes Street VIC 3141,550,2,1,1,Apartment / Unit / Flat
ELWOOD 3/5 Greig Court VIC 3184,410,2,1,1,Apartment / Unit / Flat
SOUTH YARRA 202/4 Chapel Mews VIC 3141,600,2,2,1,Apartment / Unit / Flat
CAULFIELD 18/214 Kambrook Road VIC 3162,450,2,1,1,Apartment / Unit / Flat
HAWTHORN EAST UG05 /708 BURWOOD ROAD VIC 3123,625,2,2,1,Apartment / Unit / Flat
CARLTON 421/528 Swanston Street VIC 3053,350,1,1,0,Apartment / Unit / Flat
CAULFIELD NORTH 105/337 Balaclava Road VIC 3161,600,2,2,1,Apartment / Unit / Flat
ELSTERNWICK 6/89 Seymour Road VIC 3185,425,2,1,1,Apartment / Unit / Flat
MELBOURNE 55/1 Albert Road VIC 3000,950,2,2,2,Apartment / Unit / Flat
BUNDOORA 502/21 Plenty Road VIC 3083,330,1,1,1,Apartment / Unit / Flat
WINDSOR 439/111 Punt Road VIC 3181,550,2,2,1,Apartment / Unit / Flat
ST KILDA 13/9 Fitzroy Street VIC 3182,430,1,1,1,Apartment / Unit / Flat
SOUTH MELBOURNE 705/89 Gladstone Street VIC 3205,550,2,2,1,Apartment / Unit / Flat
MURRUMBEENA 1/12 Toward Street VIC 3163,350,2,1,1,Apartment / Unit / Flat
"SOUTHBANK Level 35, 3501/7 Riverside Quay VIC 3006",850,2,2,1,Apartment / Unit / Flat
BRIGHTON 4/16 Manor Street VIC 3186,620,3,2,1,Apartment / Unit / Flat
COLLINGWOOD 206/75 Wellington Street VIC 3066,470,1,1,1,Apartment / Unit / Flat
HUGHESDALE 5/158 Kangaroo Road VIC 3166,400,2,1,1,Apartment / Unit / Flat
OAKLEIGH SOUTH 2/30 Clarendon Avenue VIC 3167,520,3,1,1,Apartment / Unit / Flat
PASCOE VALE SOUTH 2/21-23 Westgate Street VIC 3044,420,2,1,0,Apartment / Unit / Flat
BRIGHTON 210/79-81 Asling Street VIC 3186,525,2,1,1,Apartment / Unit / Flat
EAST MELBOURNE 7/126 Wellington Parade VIC 3002,1800,3,2,1,Apartment / Unit / Flat
CHADSTONE 14/13 Churchill Avenue VIC 3148,350,2,1,1,Apartment / Unit / Flat
ABBOTSFORD 532/631 Victoria Street VIC 3067,650,2,2,1,Apartment / Unit / Flat
MELBOURNE 1206/118 Russell Street VIC 3000,550,2,1,0,Apartment / Unit / Flat
TOORAK 4/151 Canterbury Road VIC 3142,650,2,2,1,Apartment / Unit / Flat
ELSTERNWICK 2/9 Bertram Street VIC 3185,630,2,2,1,Apartment / Unit / Flat
WINDSOR 8/K3 Union Street VIC 3181,400,1,1,1,Apartment / Unit / Flat
PRAHRAN 502/27 Macquarie Street VIC 3181,440,1,1,1,Apartment / Unit / Flat
SOUTH YARRA 7/13 Hawksburn Road VIC 3141,450,2,1,2,Apartment / Unit / Flat
SOUTHBANK 2204/250 City Road VIC 3006,475,2,1,0,Apartment / Unit / Flat
ST ALBANS rear/25 Alfreida St VIC 3021,250,2,1,0,Apartment / Unit / Flat
SOUTH YARRA 414/77 River Street VIC 3141,420,1,1,1,Apartment / Unit / Flat
KEW EAST 4/829 High Street VIC 3102,1580,4,4,3,Apartment / Unit / Flat
PRAHRAN 29/10 Clifton Street VIC 3181,540,2,1,1,Apartment / Unit / Flat
NUNAWADING 5/5 Luckie Street VIC 3131,370,2,1,1,Apartment / Unit / Flat
ST KILDA 4/260 St Kilda Road VIC 3182,450,2,1,1,Apartment / Unit / Flat
GARDENVALE 2/48 Magnolia Road VIC 3185,320,1,1,1,Apartment / Unit / Flat
ASCOT VALE 1/28 Ormond Road VIC 3032,300,1,1,1,Apartment / Unit / Flat
SOUTHBANK 3606/45 Clarke Street VIC 3006,650,2,2,0,Apartment / Unit / Flat
FITZROY NORTH G09/22 Nicholson Street VIC 3068,900,3,2,2,Apartment / Unit / Flat
ELWOOD 3/38 Mitford Street VIC 3184,340,1,1,0,Apartment / Unit / Flat
SOUTHBANK 1701a/60 Dorcas Street VIC 3006,400,1,1,0,Apartment / Unit / Flat
CARNEGIE 76B Oakleigh Road VIC 3163,900,4,3,1,Apartment / Unit / Flat
BENTLEIGH 107/15 Hamilton Street VIC 3204,540,2,2,1,Apartment / Unit / Flat
BRIGHTON 1.04/26 Warleigh Grove VIC 3186,450,1,1,1,Apartment / Unit / Flat
ST KILDA 204/171-173 Inkerman Street VIC 3182,370,1,1,1,Apartment / Unit / Flat
GLEN IRIS 202/23 Maverston Street VIC 3146,500,2,1,1,Apartment / Unit / Flat
WINDSOR 3/30 The Avenue VIC 3181,595,2,1,2,Apartment / Unit / Flat
CANTERBURY 1/51 Rochester Road VIC 3126,450,2,1,1,Apartment / Unit / Flat
BALWYN NORTH 2/14 Hatfield Street VIC 3104,430,2,1,1,Apartment / Unit / Flat
HAWTHORN 9/488 Glenferrie Road VIC 3122,450,2,1,1,Apartment / Unit / Flat
BENTLEIGH 302/270 Centre Road VIC 3204,480,2,1,1,Apartment / Unit / Flat
WINDSOR 207/120 High Street VIC 3181,400,1,1,1,Apartment / Unit / Flat
SOUTH YARRA 14/245 Williams Road VIC 3141,350,1,1,1,Apartment / Unit / Flat
HIGHETT 105/20 Station Street VIC 3190,500,2,2,1,Apartment / Unit / Flat
CAULFIELD NORTH 4/129-131 Kambrook Road VIC 3161,425,2,1,1,Apartment / Unit / Flat
SOUTH MELBOURNE 354B Clarendon Street VIC 3205,620,2,1,0,Apartment / Unit / Flat
WINDSOR 8/237 Dandenong Road VIC 3181,455,3,1,1,Apartment / Unit / Flat
NORTH MELBOURNE 202/9-13 O'Connell Street VIC 3051,395,1,1,0,Apartment / Unit / Flat
GLEN HUNTLY 5/2 Park Avenue VIC 3163,500,2,1,1,Apartment / Unit / Flat
BRUNSWICK EAST 119/8 Lygon Street VIC 3057,400,1,1,1,Apartment / Unit / Flat
HAWTHORN 26/219-227 Auburn Road VIC 3122,460,2,1,1,Apartment / Unit / Flat
GLEN IRIS 301/10-12 High Street VIC 3146,400,1,1,1,Apartment / Unit / Flat
MARIBYRNONG 16F/54 La Scala Avenue VIC 3032,410,2,1,1,Apartment / Unit / Flat
CAMBERWELL 12/126 Wattle Valley Road VIC 3124,400,2,1,1,Apartment / Unit / Flat
ST KILDA 802/181 Fitzroy St VIC 3182,1975,4,2,2,Apartment / Unit / Flat
BRUNSWICK WEST 3/9 Moule Street VIC 3055,360,2,1,1,Apartment / Unit / Flat
SURREY HILLS 5/972 Riversdale Road VIC 3127,370,1,1,1,Apartment / Unit / Flat
NORTH MELBOURNE 410/9-13 O'Connell Street VIC 3051,395,1,1,0,Apartment / Unit / Flat
SOUTH YARRA 1802/7 Claremont Street VIC 3141,800,2,2,1,Apartment / Unit / Flat
EAST MELBOURNE 8/108 George Street VIC 3002,450,1,1,1,Apartment / Unit / Flat
ST KILDA 27/352 Canterbury Road VIC 3182,500,2,1,1,Apartment / Unit / Flat
PRAHRAN 8/21 Irving Avenue VIC 3181,400,2,1,1,Apartment / Unit / Flat
BALWYN NORTH 1/1062 Burke Rd VIC 3104,425,2,1,1,Apartment / Unit / Flat
HAWTHORN EAST 4/2 Clifton Road VIC 3123,520,2,1,1,Apartment / Unit / Flat
KEW 103/56 Harp Road VIC 3101,475,2,1,1,Apartment / Unit / Flat
RESERVOIR 3/72 Leamington Street VIC 3073,420,2,1,1,Apartment / Unit / Flat
COLLINGWOOD 8/375 Hoddle Street VIC 3066,450,2,1,1,Apartment / Unit / Flat
FITZROY NORTH 111/378-390 Saint Georges Road VIC 3068,490,1,1,1,Apartment / Unit / Flat
HAWTHORN EAST 3/24 Auburn Grove VIC 3123,400,2,1,1,Apartment / Unit / Flat
RICHMOND 24/343 Church Street VIC 3121,600,2,1,2,Apartment / Unit / Flat
BALWYN 12/2A Brenbeal Street VIC 3103,400,2,1,1,Apartment / Unit / Flat
WINDSOR 1/29 The Avenue VIC 3181,500,2,1,2,Apartment / Unit / Flat
MELBOURNE 104/300 Swanston Street VIC 3000,550,2,1,0,Apartment / Unit / Flat
ABBOTSFORD 215/56 Nicholson Street VIC 3067,560,2,2,2,Apartment / Unit / Flat
RICHMOND 1/8 Murphy Street VIC 3121,470,2,1,1,Apartment / Unit / Flat
HAWTHORN G01/39 Riversdale Road VIC 3122,580,2,2,1,Apartment / Unit / Flat
SOUTH YARRA 12/37 Domain Street VIC 3141,500,2,1,1,Apartment / Unit / Flat
MOONEE PONDS 12/108 Maribyrnong Road VIC 3039,400,2,1,1,Apartment / Unit / Flat
ST KILDA 8/38 Fitzroy Street VIC 3182,495,2,1,1,Apartment / Unit / Flat
SOUTH MELBOURNE 215/253 Normanby Road VIC 3205,735,2,2,1,Apartment / Unit / Flat
CAULFIELD NORTH 3/24 Park Crescent VIC 3161,275,1,1,1,Apartment / Unit / Flat
MELBOURNE 2104/38 Rose Lane VIC 3000,550,2,1,0,Apartment / Unit / Flat
MELBOURNE 517/74 Queens Road VIC 3004,450,2,1,1,Apartment / Unit / Flat
ST KILDA 206/126 Carlisle Street VIC 3182,495,2,1,1,Apartment / Unit / Flat
BRUNSWICK WEST 412/5 Olive York Way VIC 3055,450,2,2,1,Apartment / Unit / Flat
ST KILDA EAST 3/2 Celeste Ct VIC 3183,395,2,1,0,Apartment / Unit / Flat
CARNEGIE 3/19 Truganini Road VIC 3163,420,2,1,1,Apartment / Unit / Flat
MELBOURNE 314/499 St Kilda Road VIC 3004,900,2,2,1,Apartment / Unit / Flat
MELBOURNE 1715/220 Spencer Street VIC 3000,600,2,2,1,Apartment / Unit / Flat
SOUTH YARRA 11/16 Kensington Road VIC 3141,420,2,1,1,Apartment / Unit / Flat
ST KILDA 4/26 Wellington Street VIC 3182,500,2,1,1,Apartment / Unit / Flat
GLEN HUNTLY 1/10 Roseberry Grove VIC 3163,375,3,1,1,Apartment / Unit / Flat
ST KILDA 8/16 Chapel Street VIC 3182,395,2,1,1,Apartment / Unit / Flat
ST KILDA EAST 1/106 Alexandra Street St VIC 3183,335,1,1,1,Apartment / Unit / Flat
ST KILDA WEST 10/86 Park Street VIC 3182,350,1,1,1,Apartment / Unit / Flat
GLEN HUNTLY 301/18 Etna Street VIC 3163,460,2,1,1,Apartment / Unit / Flat
MIDDLE PARK 11/90 Hambleton Street VIC 3206,365,1,1,1,Apartment / Unit / Flat
BRUNSWICK EAST 111/8 Lygon Street VIC 3057,510,2,2,1,Apartment / Unit / Flat
PRAHRAN 5/17 Ellesmere Road VIC 3181,415,1,1,1,Apartment / Unit / Flat
TOORAK 6/645 Malvern Road VIC 3142,430,1,1,1,Apartment / Unit / Flat
MELBOURNE Unit 1713/200 Spencer St VIC 3000,440,1,1,1,Apartment / Unit / Flat
SOUTH YARRA 7/27 Avoca Street VIC 3141,440,2,1,1,Apartment / Unit / Flat
HAWTHORN EAST 3/11 Stewart Street VIC 3123,390,2,1,1,Apartment / Unit / Flat
CAMBERWELL 113/436 Burke Road VIC 3124,565,2,2,1,Apartment / Unit / Flat
TOORAK 5/8 Devorgilla Ave VIC 3142,725,2,1,1,Apartment / Unit / Flat
ALPHINGTON 704/111 Parkview Road VIC 3078,540,2,2,1,Apartment / Unit / Flat
BOX HILL 14/98-100 Carrington Road VIC 3128,475,2,2,1,Apartment / Unit / Flat
WEST FOOTSCRAY 313/110 Roberts Street VIC 3012,550,2,1,1,Apartment / Unit / Flat
SANDRINGHAM 10/39-41 Abbott Street VIC 3191,450,3,1,1,Apartment / Unit / Flat
ELWOOD 4/84 Ormond Road VIC 3184,565,2,2,0,Apartment / Unit / Flat
MALVERN EAST 205/1059-1061 Dandenong Road VIC 3145,460,2,1,1,Apartment / Unit / Flat
CAMBERWELL 2/6 Stanhope Grove VIC 3124,475,2,1,1,Apartment / Unit / Flat
CAMBERWELL G43/347 Camberwell Road VIC 3124,430,1,1,1,Apartment / Unit / Flat
FOOTSCRAY 1603/8 Joseph Road VIC 3011,490,2,2,1,Apartment / Unit / Flat
CAULFIELD SOUTH 5/14 Olive Street VIC 3162,360,1,1,1,Apartment / Unit / Flat
ABBOTSFORD 408D/615 Victoria Street VIC 3067,550,2,2,1,Apartment / Unit / Flat
FOOTSCRAY 1201/8 Joseph Road VIC 3011,485,2,2,1,Apartment / Unit / Flat
ST KILDA 11/43 Spenser Street VIC 3182,250,1,1,1,Apartment / Unit / Flat
HAWTHORN EAST 516/480 Riversdale Road VIC 3123,550,2,2,1,Apartment / Unit / Flat
BLACKBURN 208/20 Queen Street VIC 3130,360,1,1,1,Apartment / Unit / Flat
ST KILDA EAST 26/55 Alexandra St VIC 3183,330,1,1,1,Apartment / Unit / Flat
MENTONE 12/30 Swanston Street VIC 3194,320,1,1,1,Apartment / Unit / Flat
BENTLEIGH EAST 2/26 Patricia Street VIC 3165,595,2,1,2,Apartment / Unit / Flat
CAMBERWELL 2/1266 Toorak Road VIC 3124,695,3,1,4,Apartment / Unit / Flat
BALWYN 3/1 Birtles St VIC 3103,575,3,2,1,Apartment / Unit / Flat
RICHMOND 5/69 River Street VIC 3121,650,2,2,2,Apartment / Unit / Flat
PRAHRAN 4/317 Dandenong Road VIC 3181,430,2,1,1,Apartment / Unit / Flat
TOORAK 3/34 Mathoura Road VIC 3142,400,1,1,1,Apartment / Unit / Flat
OAKLEIGH 2/52 William Street VIC 3166,495,3,1,1,Apartment / Unit / Flat
RICHMOND 405/14 David Street VIC 3121,530,2,1,1,Apartment / Unit / Flat
COBURG 102/729 Sydney Road VIC 3058,410,1,1,1,Apartment / Unit / Flat
CAULFIELD SOUTH 206/2 Cedar Street VIC 3162,450,2,2,1,Apartment / Unit / Flat
ARMADALE G05/523 Dandenong Road VIC 3143,435,1,1,1,Apartment / Unit / Flat
BRUNSWICK EAST 316/330 Lygon Street VIC 3057,475,2,2,1,Apartment / Unit / Flat
MELBOURNE 504/350 La Trobe Street VIC 3000,395,2,1,0,Apartment / Unit / Flat
BRUNSWICK EAST 2/20 Lyndhurst Crescent VIC 3057,445,2,1,1,Apartment / Unit / Flat
BALACLAVA G10/43-45 The Avenue VIC 3183,570,2,2,1,Apartment / Unit / Flat
ESSENDON 2/16 Lyon Street VIC 3040,320,2,1,1,Apartment / Unit / Flat
PRAHRAN 104/139 York Street VIC 3181,410,1,1,0,Apartment / Unit / Flat
BURWOOD 222 Burwood Highway VIC 3125,220,1,1,0,Apartment / Unit / Flat
GLEN IRIS 3/6 Creswick Street VIC 3146,450,2,1,1,Apartment / Unit / Flat
ST KILDA 4/9 Marlton Crescent VIC 3182,390,2,1,0,Apartment / Unit / Flat
HERNE HILL 1/3 Colville Court VIC 3218,380,2,1,1,Apartment / Unit / Flat
THORNBURY 2/9 Rennie Street VIC 3071,390,2,1,1,Apartment / Unit / Flat
MELBOURNE 1211/260 Spencer Street VIC 3000,700,2,2,0,Apartment / Unit / Flat
SOUTH MELBOURNE 2/187 Bank Street VIC 3205,520,1,1,0,Apartment / Unit / Flat
GLEN IRIS 207/770B Toorak Road VIC 3146,395,1,1,1,Apartment / Unit / Flat
MELBOURNE 1007/238 Flinders St VIC 3000,320,1,1,0,Apartment / Unit / Flat
BRUNSWICK WEST 3/14 McColl Court VIC 3055,400,2,1,1,Apartment / Unit / Flat
OAKLEIGH EAST 4/13 Elizabeth Street VIC 3166,615,3,2,1,Apartment / Unit / Flat
CANTERBURY 205/85 Maling Road VIC 3126,650,2,2,1,Apartment / Unit / Flat
PRAHRAN 15/21 Irving Avenue VIC 3181,440,2,1,1,Apartment / Unit / Flat
SOUTH YARRA 4/67 Walsh Street VIC 3141,1200,3,1,1,Apartment / Unit / Flat
MURRUMBEENA 6/28 Ardyne Street VIC 3163,250,1,1,1,Apartment / Unit / Flat
SOUTH YARRA 511/8 Garden Street VIC 3141,400,1,1,0,Apartment / Unit / Flat
SOUTH YARRA 2/4 Ralston Street VIC 3141,425,1,1,1,Apartment / Unit / Flat
ST KILDA 4/29 Marine Parade VIC 3182,450,1,1,0,Apartment / Unit / Flat
MELBOURNE 113/350 St Kilda Road VIC 3004,1500,2,3,2,Apartment / Unit / Flat
ELSTERNWICK 1/453 Kooyong Rd VIC 3185,550,3,2,2,Apartment / Unit / Flat
SOUTH YARRA 904/50 Claremont Street VIC 3141,510,1,1,1,Apartment / Unit / Flat
BENTLEIGH EAST 1/51 Browns Rd VIC 3165,520,2,2,1,Apartment / Unit / Flat
ST KILDA EAST 4/25 Cardigan Street VIC 3183,450,2,1,0,Apartment / Unit / Flat
ELWOOD 8/12 May Street VIC 3184,320,1,1,0,Apartment / Unit / Flat
HIGHETT 209/20 Station Street VIC 3190,530,2,2,1,Apartment / Unit / Flat
NORTHCOTE 8/4 McCracken Avenue VIC 3070,450,2,1,1,Apartment / Unit / Flat
GLEN HUNTLY 7/1204 Glen Huntly Road VIC 3163,495,2,1,1,Apartment / Unit / Flat
ORMOND 13/40 Lillimur Road VIC 3204,280,1,1,1,Apartment / Unit / Flat
KEW 3/8-10 James Avenue VIC 3101,390,2,1,1,Apartment / Unit / Flat
CAULFIELD NORTH 5/20 Kooyong Rd VIC 3161,570,3,1,2,Apartment / Unit / Flat
PRAHRAN 201/323 Dandenong Road VIC 3181,525,2,2,1,Apartment / Unit / Flat
PRAHRAN 502/283 High Street VIC 3181,1200,3,2,2,Apartment / Unit / Flat
BRUNSWICK WEST 614/5 Olive York Way VIC 3055,440,2,2,1,Apartment / Unit / Flat
CARLTON 909/528 Swanston Street VIC 3053,345,1,1,0,Apartment / Unit / Flat
MALVERN EAST 5/419 Waverley Road VIC 3145,495,2,2,1,Apartment / Unit / Flat
RICHMOND 105/39 Appleton Street VIC 3121,430,1,1,1,Apartment / Unit / Flat
SOUTH YARRA 808/2 Claremont Street VIC 3141,600,2,2,1,Apartment / Unit / Flat
BRUNSWICK 34/97 Brickworks Drive VIC 3056,450,2,1,1,Apartment / Unit / Flat
CAULFIELD NORTH 2/74 Hawthorn Rd VIC 3161,560,2,1,1,Apartment / Unit / Flat
BRUNSWICK WEST 107/358 Moreland Road VIC 3055,430,2,1,1,Apartment / Unit / Flat
MELBOURNE 1411/120 A Beckett St VIC 3000,680,2,2,0,Apartment / Unit / Flat
PRAHRAN 1/42 Grandview Grove VIC 3181,800,3,1,0,Apartment / Unit / Flat
MENTONE 508/7 Balcombe Rd VIC 3194,350,1,1,1,Apartment / Unit / Flat
CARLTON NORTH 4/867-883 Drummond Street VIC 3054,500,2,1,1,Apartment / Unit / Flat
ELSTERNWICK 3/4 Orrong Road VIC 3185,410,2,1,1,Apartment / Unit / Flat
ELWOOD 4/2 Selwyn Avenue VIC 3184,265,1,1,0,Apartment / Unit / Flat
ELWOOD 9/106 Addison Street VIC 3184,530,2,2,1,Apartment / Unit / Flat
BENTLEIGH EAST 105/801 Centre Road VIC 3165,440,2,2,1,Apartment / Unit / Flat
WEST MELBOURNE 503/9 Dryburgh Street VIC 3003,500,2,2,1,Apartment / Unit / Flat
HAWTHORN 29/70 Church Street VIC 3122,450,2,1,1,Apartment / Unit / Flat
WINDSOR 10/K7 High Street VIC 3181,350,1,1,0,Apartment / Unit / Flat
MURRUMBEENA 10/18 Gerald Street VIC 3163,310,1,1,1,Apartment / Unit / Flat
EAST MELBOURNE 38/400 Victoria Parade VIC 3002,770,3,2,2,Apartment / Unit / Flat
HIGHETT G04/12 Major Street VIC 3190,480,2,2,1,Apartment / Unit / Flat
BRUNSWICK WEST 511/5 Olive York Way VIC 3055,440,2,1,1,Apartment / Unit / Flat
FITZROY 312/416 Gore Street VIC 3065,595,2,1,2,Apartment / Unit / Flat
KEW 7/47 Pakington Street VIC 3101,380,2,1,1,Apartment / Unit / Flat
PRAHRAN 1/34 Wynnstay Road VIC 3181,290,1,1,1,Apartment / Unit / Flat
ST KILDA 12/45 Marine Parade VIC 3182,790,2,2,2,Apartment / Unit / Flat
PORT MELBOURNE 505/25 Nott Street VIC 3207,395,1,1,0,Apartment / Unit / Flat
CLAYTON 5/265 Clayton Road VIC 3168,400,2,1,2,Apartment / Unit / Flat
MOUNT WAVERLEY 2/11 Therese Avenue VIC 3149,495,3,1,2,Apartment / Unit / Flat
ORMOND 4/13 Lillimur Road VIC 3204,525,2,1,1,Apartment / Unit / Flat
MALVERN EAST 402/1399 Dandenong Road VIC 3145,650,2,2,1,Apartment / Unit / Flat
CAULFIELD SOUTH 1/27 Venus St VIC 3162,430,2,1,1,Apartment / Unit / Flat
EAST MELBOURNE P08P/191 Powlett Street VIC 3002,625,2,1,1,Apartment / Unit / Flat
COBURG 417/11 Urquhart Street VIC 3058,365,1,1,1,Apartment / Unit / Flat
MURRUMBEENA 101/17 Murrumbeena Road VIC 3163,460,2,2,1,Apartment / Unit / Flat
BLACK ROCK 5/310 Beach Road VIC 3193,480,2,1,1,Apartment / Unit / Flat
ELWOOD 206/96 Ormond Road VIC 3184,425,1,1,1,Apartment / Unit / Flat
HAWTHORN 2/474 Glenferrie Road VIC 3122,520,2,1,1,Apartment / Unit / Flat
EAST MELBOURNE 203/150 Clarendon Street VIC 3002,950,1,1,1,Apartment / Unit / Flat
BRUNSWICK EAST 102/9 Village Avenue VIC 3057,550,2,2,1,Apartment / Unit / Flat
FOOTSCRAY 609/2 Joseph Road VIC 3011,800,1,1,1,Apartment / Unit / Flat
PORT MELBOURNE 7A/9 Beach Street VIC 3207,750,2,1,1,Apartment / Unit / Flat
MALVERN EAST 9/1 Tooronga Road VIC 3145,440,2,1,1,Apartment / Unit / Flat
ST KILDA 41/64 Fitzroy Street VIC 3182,430,1,1,1,Apartment / Unit / Flat
WINDSOR 112/270 High St VIC 3181,390,1,1,0,Apartment / Unit / Flat
EAST MELBOURNE 27/155 Powlett Street VIC 3002,575,2,1,1,Apartment / Unit / Flat
SOUTH YARRA 21/32 Darling Street VIC 3141,390,1,1,0,Apartment / Unit / Flat
FITZROY NORTH 221/378-390 Saint Georges Road VIC 3068,630,2,2,1,Apartment / Unit / Flat
SANDRINGHAM 2/91 Beach Road VIC 3191,475,2,1,2,Apartment / Unit / Flat
PORT MELBOURNE 415/99 Nott Street VIC 3207,500,2,1,2,Apartment / Unit / Flat
FITZROY 203/57-61 Johnston Street VIC 3065,640,2,2,1,Apartment / Unit / Flat
MELBOURNE 217/339 Swanston St VIC 3000,380,2,1,0,Apartment / Unit / Flat
NORTH MELBOURNE 19 Little Cobden Street VIC 3051,415,1,1,1,Apartment / Unit / Flat
FOOTSCRAY 1608/6 Joseph Road VIC 3011,400,1,1,1,Apartment / Unit / Flat
CAULFIELD 5/8 Anderson Street VIC 3162,525,3,1,0,Apartment / Unit / Flat
FAIRFIELD 38/262 Heidelberg Road VIC 3078,380,1,1,1,Apartment / Unit / Flat
PASCOE VALE 4/4 Essex Street VIC 3044,410,2,1,1,Apartment / Unit / Flat
MELBOURNE 405/442 St Kilda Road VIC 3004,380,1,1,1,Apartment / Unit / Flat
CANTERBURY 3/22 Wentworth Avenue VIC 3126,395,2,1,1,Apartment / Unit / Flat
SOUTHBANK 1003/75 Coventry Street VIC 3006,425,1,1,1,Apartment / Unit / Flat
CLIFTON HILL 5/75 Field Street VIC 3068,620,2,1,1,Apartment / Unit / Flat
SOUTH YARRA 1/74 Leopold Street VIC 3141,800,3,1,1,Apartment / Unit / Flat
MOUNT WAVERLEY 208/436-442 Huntingdale Road VIC 3149,370,1,1,1,Apartment / Unit / Flat
CLAYTON SOUTH 7/8-10 Hayden Road VIC 3169,460,2,1,1,Apartment / Unit / Flat
CARLTON 8/97 Elgin Street VIC 3053,540,2,1,1,Apartment / Unit / Flat
MOUNT WAVERLEY 211/436-442 Huntingdale Road VIC 3149,360,1,1,1,Apartment / Unit / Flat
ARMADALE 1/9 Barnato Grove VIC 3143,460,2,1,2,Apartment / Unit / Flat
PORT MELBOURNE 4/211 Esplanade West VIC 3207,380,1,1,0,Apartment / Unit / Flat
CAULFIELD NORTH 3/101-103 Orrong Crescent VIC 3161,450,2,1,1,Apartment / Unit / Flat
ST KILDA 11/23 Robe Street VIC 3182,310,1,1,0,Apartment / Unit / Flat
ASHBURTON G01/313 High Street VIC 3147,525,2,1,1,Apartment / Unit / Flat
DOCKLANDS S3209/231 Harbour Esplanade VIC 3008,495,1,1,1,Apartment / Unit / Flat
KEW EAST 1/15 Munro St VIC 3102,620,2,2,1,Apartment / Unit / Flat
FOOTSCRAY 1/32 Macpherson Street VIC 3011,385,1,1,1,Apartment / Unit / Flat
GLEN HUNTLY 3/10 Roseberry Grove VIC 3163,360,2,1,2,Apartment / Unit / Flat
FOOTSCRAY 3/32 Macpherson Street VIC 3011,375,1,1,1,Apartment / Unit / Flat
FOOTSCRAY 6/32 Macpherson Street VIC 3011,355,1,1,1,Apartment / Unit / Flat
HAWTHORN 10/45 Church Street VIC 3122,415,2,1,1,Apartment / Unit / Flat
ELSTERNWICK 6/65 Clarence Street VIC 3185,450,2,1,1,Apartment / Unit / Flat
ST KILDA EAST 9/22 Crimea Street VIC 3183,310,1,1,1,Apartment / Unit / Flat
SOUTH YARRA 4/44 Walsh Street VIC 3141,700,2,1,1,Apartment / Unit / Flat
CAULFIELD 6/667 Glenhuntly Road VIC 3162,460,2,1,1,Apartment / Unit / Flat
KEW 25/380 High Street VIC 3101,620,3,2,1,Apartment / Unit / Flat
NORTH MELBOURNE 2/352-362 Victoria Street VIC 3051,330,1,1,0,Apartment / Unit / Flat
PRAHRAN 4/36 Aberdeen Road VIC 3181,400,2,1,1,Apartment / Unit / Flat
RICHMOND 24/24 Tanner Street VIC 3121,650,2,1,1,Apartment / Unit / Flat
BENTLEIGH G06/261 Centre Road VIC 3204,385,1,1,1,Apartment / Unit / Flat
HAWTHORN EAST 11/2 Freeman St VIC 3123,275,1,1,0,Apartment / Unit / Flat
GEELONG WEST 6/48 Gordon Avenue VIC 3218,450,2,1,1,Apartment / Unit / Flat
GLEN IRIS Level 1/1475A Malvern Road VIC 3146,450,3,1,1,Apartment / Unit / Flat
PORT MELBOURNE 4/42 Princes Street VIC 3207,800,2,1,1,Apartment / Unit / Flat
RICHMOND 2/2-6 Docker St VIC 3121,325,1,1,1,Apartment / Unit / Flat
ELWOOD 6/169 Ormond Road VIC 3184,330,1,1,0,Apartment / Unit / Flat
SURREY HILLS 2/969 Riversdale Road VIC 3127,460,2,1,1,Apartment / Unit / Flat
FITZROY NORTH 1S/378-390 St Georges Road VIC 3068,460,1,1,1,Apartment / Unit / Flat
FITZROY NORTH 1B/378-390 St Georges Road VIC 3068,470,1,1,1,Apartment / Unit / Flat
MELBOURNE 925/555 Flinders Street VIC 3000,500,2,2,1,Apartment / Unit / Flat
RICHMOND 402/229 Bridge Road VIC 3121,450,2,1,1,Apartment / Unit / Flat
KEW G09/59 Earl Street VIC 3101,420,2,1,1,Apartment / Unit / Flat
CAULFIELD NORTH 6/11 Kooyong Road VIC 3161,395,1,1,1,Apartment / Unit / Flat
SURREY HILLS 1/5 Montrose Street VIC 3127,620,2,2,2,Apartment / Unit / Flat
ST KILDA EAST 11/30 Westbury Street VIC 3183,320,1,1,1,Apartment / Unit / Flat
HAWTHORN 5/45 Evansdale Road VIC 3122,485,2,1,1,Apartment / Unit / Flat
CAULFIELD NORTH 2/470 Glen Eira Road VIC 3161,570,3,1,2,Apartment / Unit / Flat
CARNEGIE R/1134 Dandenong Road VIC 3163,200,1,1,0,Apartment / Unit / Flat
BRIGHTON 24/18 Cochrane Street VIC 3186,410,2,1,1,Apartment / Unit / Flat
CARNEGIE 106/2 Morton Avenue VIC 3163,495,2,2,1,Apartment / Unit / Flat
TOORAK 5/693 Malvern Rd VIC 3142,540,2,1,1,Apartment / Unit / Flat
SOUTH YARRA 9/22A Rockley Road VIC 3141,375,1,1,1,Apartment / Unit / Flat
HAWTHORN EAST 509/30-32 Lilydale Grove VIC 3123,90,1,1,1,Apartment / Unit / Flat
GEELONG WEST 9/50 Bowlers Avenue VIC 3218,450,1,1,1,Apartment / Unit / Flat
HAWTHORN 3/11 Austin Street VIC 3122,435,2,1,0,Apartment / Unit / Flat
ST KILDA 201/7 Brighton Road VIC 3182,420,2,1,1,Apartment / Unit / Flat
DOCKLANDS 1401N/889 Collins St VIC 3008,590,2,1,1,Apartment / Unit / Flat
MALVERN EAST 708B Waverley Road VIC 3145,550,2,1,1,Apartment / Unit / Flat
MELBOURNE 3604/568 Collins Street VIC 3000,550,2,2,1,Apartment / Unit / Flat
BRIGHTON EAST 2/14 Palmer Avenue VIC 3187,370,2,1,1,Apartment / Unit / Flat
MELBOURNE 711/500 Flinders Street VIC 3000,250,1,1,0,Apartment / Unit / Flat
HUGHESDALE 1/9 Hotham Street VIC 3166,520,4,2,1,Apartment / Unit / Flat
CHADSTONE 2/20 Thurloo Street VIC 3148,480,2,1,1,Apartment / Unit / Flat
ARMADALE 303/835 High Street VIC 3143,1100,2,2,1,Apartment / Unit / Flat
SOUTH YARRA 19/43 Caroline Street VIC 3141,370,1,1,0,Apartment / Unit / Flat
FOOTSCRAY 2/23-25 Steet Street VIC 3011,325,2,1,1,Apartment / Unit / Flat
ST KILDA 15/18 Princes Street VIC 3182,565,2,1,1,Apartment / Unit / Flat
EAST MELBOURNE 2/8 Wellington Crescent VIC 3002,750,2,2,2,Apartment / Unit / Flat
SOUTH MELBOURNE 316/253 Normanby Road VIC 3205,530,1,1,0,Apartment / Unit / Flat
SOUTHBANK 1103/33 Clarke Street VIC 3006,350,1,1,0,Apartment / Unit / Flat
MCKINNON 2/21 Hopkins Street VIC 3204,630,3,2,1,Apartment / Unit / Flat
BRUNSWICK 603/611 Sydney Road VIC 3056,420,1,1,1,Apartment / Unit / Flat
FITZROY NORTH 51/378-390 St Georges Road VIC 3068,450,1,1,1,Apartment / Unit / Flat
ELWOOD 103/51 Ormond Esplanade VIC 3184,550,1,1,1,Apartment / Unit / Flat
SOUTHBANK 5/116 Dodds Street VIC 3006,675,3,1,1,Apartment / Unit / Flat
MELBOURNE 2807/81 Abeckett Street VIC 3000,650,2,1,0,Apartment / Unit / Flat
ASHBURTON 2A St Georges Cres VIC 3147,380,2,1,2,Apartment / Unit / Flat
EAST MELBOURNE Unit 101/170 Albert St VIC 3002,435,1,1,1,Apartment / Unit / Flat
COLLINGWOOD 703/75 Wellington St VIC 3066,600,2,1,1,Apartment / Unit / Flat
PORT MELBOURNE 207/107 Beach Street VIC 3207,820,2,2,1,Apartment / Unit / Flat
CARNEGIE 11/2 Belsize Avenue VIC 3163,495,2,1,1,Apartment / Unit / Flat
FITZROY NORTH 2S/378-390 St Georges Road VIC 3068,585,2,2,1,Apartment / Unit / Flat
HAWTHORN EAST 9/26 Auburn Grove VIC 3123,380,2,1,1,Apartment / Unit / Flat
ST KILDA WEST 21/313 Beaconsfield Parade VIC 3182,450,1,1,1,Apartment / Unit / Flat
ST KILDA 1/27 Eildon Road VIC 3182,625,2,1,1,Apartment / Unit / Flat
CARLTON 915/528 Swanston Street VIC 3053,350,1,1,0,Apartment / Unit / Flat
ST KILDA 318/181 Fitzroy Street VIC 3182,580,1,1,0,Apartment / Unit / Flat
ARMADALE 10 Mercer Way VIC 3143,670,2,1,2,Apartment / Unit / Flat
HAWTHORN 1/42a Hawthorn Grove VIC 3122,450,2,1,1,Apartment / Unit / Flat
SOUTHBANK 2410/45 Haig Street VIC 3006,495,1,1,1,Apartment / Unit / Flat
RICHMOND 106/36 Regent Street VIC 3121,620,2,2,1,Apartment / Unit / Flat
BALACLAVA 7/127 Hotham Street VIC 3183,440,2,1,1,Apartment / Unit / Flat
CAMBERWELL 423/347 Camberwell Rd VIC 3124,375,1,1,1,Apartment / Unit / Flat
BRIGHTON EAST 4/16 Clive Street VIC 3187,370,2,1,0,Apartment / Unit / Flat
MELBOURNE 5003/464-466 Collins Street VIC 3000,550,1,1,1,Apartment / Unit / Flat
SOUTH MELBOURNE 605/51 Thislethwaite Street VIC 3205,600,2,2,1,Apartment / Unit / Flat
NEWPORT 13/114 Mason Street VIC 3015,400,2,1,1,Apartment / Unit / Flat
MCKINNON 1/21 Hopkins Street VIC 3204,700,3,2,2,Apartment / Unit / Flat
CLAYTON SOUTH 3A Maltarra Street VIC 3169,460,3,1,1,Apartment / Unit / Flat
MIDDLE PARK 22/109 Nimmo Street VIC 3206,475,1,1,0,Apartment / Unit / Flat
HIGHETT 3/21 Tibrockney Street VIC 3190,350,2,1,1,Apartment / Unit / Flat
MELBOURNE 1312/35 Albert Rd VIC 3004,570,2,2,1,Apartment / Unit / Flat
ELWOOD 6/39 Southey Street VIC 3184,320,1,1,1,Apartment / Unit / Flat
KEW 7/8-10 James Avenue VIC 3101,330,1,1,1,Apartment / Unit / Flat
ABBOTSFORD 220/631 Victoria Street VIC 3067,625,2,2,1,Apartment / Unit / Flat
HAMLYN HEIGHTS 3/30 Logan Street VIC 3215,470,3,1,1,Apartment / Unit / Flat
HAWTHORN EAST 7/161 Victoria Road VIC 3123,500,2,1,1,Apartment / Unit / Flat
CAULFIELD NORTH 7/56 Kooyong Road VIC 3161,500,2,1,1,Apartment / Unit / Flat
NORTH MELBOURNE 607/3 - 11 High St VIC 3051,280,1,1,0,Apartment / Unit / Flat
SOUTH YARRA 2/274A Domain Road VIC 3141,380,1,1,1,Apartment / Unit / Flat
MELBOURNE 104/12 Queens Road VIC 3004,440,1,1,1,Apartment / Unit / Flat
ST KILDA EAST 7/13 Hughenden Road VIC 3183,460,2,1,1,Apartment / Unit / Flat
MELBOURNE 3108/500 Elizabeth St VIC 3000,410,1,1,0,Apartment / Unit / Flat
HAMPTON 10/520 Hampton Street VIC 3188,425,1,1,1,Apartment / Unit / Flat
BALWYN 10/3 Boston Road VIC 3103,450,2,1,1,Apartment / Unit / Flat
ST KILDA 701/18 Grey Street VIC 3182,620,2,2,1,Apartment / Unit / Flat
SOUTH YARRA 1/12 Darling Street VIC 3141,550,2,1,1,Apartment / Unit / Flat
KEW EAST 101/1377 Burke Road VIC 3102,460,2,2,1,Apartment / Unit / Flat
PARKVILLE 12 Yates Lane VIC 3052,780,3,2,1,Apartment / Unit / Flat
WEST MELBOURNE 322/23 Batman Street VIC 3003,400,1,1,0,Apartment / Unit / Flat
ST KILDA EAST 5/1 Ardoch Avenue VIC 3183,575,2,1,1,Apartment / Unit / Flat
GLEN IRIS 6/1544 Malvern Road VIC 3146,395,2,1,0,Apartment / Unit / Flat
SOUTH YARRA 3/2 Tivoli Place VIC 3141,450,2,1,1,Apartment / Unit / Flat
SOUTHBANK 2503/245 City Road VIC 3006,525,2,2,0,Apartment / Unit / Flat
HAMPTON 4/519 Hampton St VIC 3188,480,2,1,1,Apartment / Unit / Flat
NEWPORT 7/58 Mason Street VIC 3015,380,2,1,1,Apartment / Unit / Flat
KEW 3/18 Gladstone Street VIC 3101,420,2,1,1,Apartment / Unit / Flat
SOUTH YARRA 1/4 Coolullah Avenue VIC 3141,600,2,1,1,Apartment / Unit / Flat
MCKINNON 5/2 Capitol Avenue VIC 3204,480,2,1,1,Apartment / Unit / Flat
DEEPDENE 15/31 Barnsbury Road VIC 3103,400,2,1,1,Apartment / Unit / Flat
ARMADALE 104/959 High Street VIC 3143,770,2,2,2,Apartment / Unit / Flat
BRUNSWICK 11/170 Albion Street VIC 3056,510,2,1,1,Apartment / Unit / Flat
FLEMINGTON 7/2 Newmarket Way VIC 3031,440,2,2,1,Apartment / Unit / Flat
ELWOOD 4/111 Ruskin Street VIC 3184,685,2,2,1,Apartment / Unit / Flat
MELBOURNE 19/73 Queens Road VIC 3004,580,2,2,1,Apartment / Unit / Flat
IVANHOE 4/45 St Elmo Road VIC 3079,390,2,1,1,Apartment / Unit / Flat
MALVERN 12/1325 High Street VIC 3144,495,2,1,1,Apartment / Unit / Flat
BRUNSWICK WEST 702/1 Olive York Way VIC 3055,380,1,1,1,Apartment / Unit / Flat
FITZROY NORTH 211/392 St Georges Road VIC 3068,460,1,1,1,Apartment / Unit / Flat
HAWTHORN EAST 210B /55 Camberwell Road VIC 3123,600,2,2,1,Apartment / Unit / Flat
PRAHRAN 2/76 Williams Road VIC 3181,500,2,1,2,Apartment / Unit / Flat
SOUTH YARRA 7/371 Toorak Road VIC 3141,1050,4,2,2,Apartment / Unit / Flat
ELWOOD 7/56 Byron Street VIC 3184,320,1,1,1,Apartment / Unit / Flat
BOX HILL 602/9-11 Ellingworth Parade VIC 3128,480,2,1,1,Apartment / Unit / Flat
CLAYTON SOUTH 2/4 Sydney Street VIC 3169,425,2,1,1,Apartment / Unit / Flat
ELWOOD 16/197 Brighton Road VIC 3184,370,1,1,1,Apartment / Unit / Flat
MALVERN EAST 1/97 Chadstone Road VIC 3145,470,3,1,1,Apartment / Unit / Flat
ST KILDA 6/9 Eildon Road VIC 3182,430,1,1,0,Apartment / Unit / Flat
SOUTHBANK 901/109 Clarendon Street VIC 3006,410,1,1,0,Apartment / Unit / Flat
SOUTH MELBOURNE 57 Emerald Hill VIC 3205,720,3,1,1,Apartment / Unit / Flat
ABBOTSFORD 225/4 Acacia Place VIC 3067,420,1,1,1,Apartment / Unit / Flat
BENTLEIGH 108/79-83 Mitchell Street VIC 3204,525,2,2,1,Apartment / Unit / Flat
MIDDLE PARK 5/90 Hambleton Street VIC 3206,365,1,1,1,Apartment / Unit / Flat
MELBOURNE 908/500 Flinders Street VIC 3000,200,1,1,0,Apartment / Unit / Flat
HAWTHORN EAST 313/757 Toorak Road VIC 3123,540,2,2,1,Apartment / Unit / Flat
ST KILDA 2601/14-16 The Esplanade VIC 3182,2700,3,2,2,Apartment / Unit / Flat
SURREY HILLS 2/31 Guildford Road VIC 3127,520,2,1,2,Apartment / Unit / Flat
NORTH MELBOURNE 102/11 Stawell Street VIC 3051,380,1,1,1,Apartment / Unit / Flat
OAKLEIGH 2/21 Logie Street VIC 3166,599,3,1,2,Apartment / Unit / Flat
RINGWOOD 2/24 Bond Street VIC 3134,370,2,1,1,Apartment / Unit / Flat
HAWTHORN EAST 301/469 Riversdale Road VIC 3123,895,2,2,2,Apartment / Unit / Flat
MALVERN EAST 10/50-52 Tennyson Street VIC 3145,525,3,1,1,Apartment / Unit / Flat
OAKLEIGH 1/21 Logie Street VIC 3166,750,4,2,4,Apartment / Unit / Flat
ESSENDON NORTH 40/100 Keilor Road VIC 3041,380,2,2,1,Apartment / Unit / Flat
ELSTERNWICK 710B/455 Glen Huntly Road VIC 3185,830,3,2,2,Apartment / Unit / Flat
BENTLEIGH 1/148 Tucker Road VIC 3204,470,2,2,1,Apartment / Unit / Flat
CHELTENHAM 8/131 Cavanagh Street VIC 3192,340,2,1,1,Apartment / Unit / Flat
HAWTHORN EAST 124D / 55 Camberwell Road VIC 3123,625,2,2,1,Apartment / Unit / Flat
DOCKLANDS 805/103 South Wharf Drive VIC 3008,630,2,1,1,Apartment / Unit / Flat
ST KILDA WEST 7/206 Canterbury Road VIC 3182,330,1,1,1,Apartment / Unit / Flat
ST KILDA EAST 5/6 Wando Grove VIC 3183,750,3,1,2,Apartment / Unit / Flat
OAKLEIGH 501/19-21 Hanover Street VIC 3166,370,1,1,1,Apartment / Unit / Flat
BRUNSWICK EAST 511/22 Barkly Street VIC 3057,385,1,1,1,Apartment / Unit / Flat
NORTH MELBOURNE 26/171 Flemington Road VIC 3051,350,1,1,2,Apartment / Unit / Flat
CAMBERWELL 324/347 Camberwell Road VIC 3124,450,2,1,1,Apartment / Unit / Flat
NORTH MELBOURNE 308/11 Stawell Street VIC 3051,500,2,1,1,Apartment / Unit / Flat
"WEST MELBOURNE Level 2, 208/16 Anderson Street VIC 3003",390,1,1,0,Apartment / Unit / Flat
KENSINGTON 507/60 Speakmen Street VIC 3031,420,2,1,1,Apartment / Unit / Flat
MORDIALLOC 106/5 Bear Street VIC 3195,360,1,1,1,Apartment / Unit / Flat
MOORABBIN 412/6 Station Street VIC 3189,420,2,1,1,Apartment / Unit / Flat
MOORABBIN 402/6 Station St VIC 3189,440,2,1,1,Apartment / Unit / Flat
REDAN 2/112 Lonsdale Street VIC 3350,310,2,1,0,Apartment / Unit / Flat
PORT MELBOURNE 105/52 Dow Street VIC 3207,425,1,1,1,Apartment / Unit / Flat
CLAYTON 1/14 Alice St VIC 3168,620,3,2,2,Apartment / Unit / Flat
MORDIALLOC 4/2 Woods Avenue VIC 3195,360,1,1,1,Apartment / Unit / Flat
BRUNSWICK 304/5 Duckett Street VIC 3056,695,2,1,0,Apartment / Unit / Flat
PORT MELBOURNE 18/156 Bay Street VIC 3207,1650,3,2,3,Apartment / Unit / Flat
ASPENDALE GARDENS 1/3 McIntosh Court VIC 3195,410,2,1,1,Apartment / Unit / Flat
WENDOUREE 4/52 Hastings Street VIC 3355,280,2,1,0,Apartment / Unit / Flat
PORT MELBOURNE 108/1 Danks Street VIC 3207,495,2,1,1,Apartment / Unit / Flat
MORDIALLOC 1/25 John Street VIC 3195,400,2,1,1,Apartment / Unit / Flat
ELWOOD 2/4-6 Kingsley Street VIC 3184,490,2,1,1,Apartment / Unit / Flat
ST KILDA 101/34 Fitzroy Street VIC 3182,2000,3,2,1,Apartment / Unit / Flat
CAMBERWELL G01/1011 Toorak Road VIC 3124,380,1,1,1,Apartment / Unit / Flat
BORONIA 3/31 Cypress Avenue VIC 3155,370,2,1,1,Apartment / Unit / Flat
WINDSOR 2/1A Peel Street VIC 3181,550,2,2,1,Apartment / Unit / Flat
DOCKLANDS 808/60 Lorimer Street VIC 3008,600,1,1,1,Apartment / Unit / Flat
DOCKLANDS 3704/90 Lorimer Street VIC 3008,700,2,1,2,Apartment / Unit / Flat
DOCKLANDS 1406/81 South Wharf Drive VIC 3008,750,2,2,1,Apartment / Unit / Flat
BOX HILL 4/7-9 Archibald Street VIC 3128,400,2,2,1,Apartment / Unit / Flat
BOX HILL 13/32-34 Albion Road VIC 3128,360,2,1,1,Apartment / Unit / Flat
CARLTON 20/75 Drummond Street VIC 3053,650,2,1,1,Apartment / Unit / Flat
SOUTHBANK 802/33 Clarke Street VIC 3006,320,1,1,0,Apartment / Unit / Flat
WINDSOR 208/1a Peel Street VIC 3181,410,1,1,1,Apartment / Unit / Flat
FITZROY 8/130 Nicholson Street VIC 3065,340,1,1,0,Apartment / Unit / Flat
PORT MELBOURNE 405/65 Beach Street VIC 3207,1200,3,2,2,Apartment / Unit / Flat
PARKVILLE 12/196 The Avenue VIC 3052,410,1,1,1,Apartment / Unit / Flat
MELBOURNE 22/187 Collins Street VIC 3000,400,1,1,0,Apartment / Unit / Flat
NORTH MELBOURNE 18/55 Haines Street VIC 3051,415,2,1,0,Apartment / Unit / Flat
SOUTH MELBOURNE 1/1 Anderson Street VIC 3205,550,1,1,1,Apartment / Unit / Flat
HAWTHORN 31/168 Power Street VIC 3122,360,1,1,1,Apartment / Unit / Flat
NORTH MELBOURNE 125/68 Leveson Street VIC 3051,430,1,1,1,Apartment / Unit / Flat
GLENROY 1/21 Morell Street VIC 3046,600,3,1,2,Apartment / Unit / Flat
MELBOURNE 6/410 Queen Street VIC 3000,695,3,2,1,Apartment / Unit / Flat
MELBOURNE 508/616 Little Collins Street Street VIC 3000,500,2,1,0,Apartment / Unit / Flat
MORDIALLOC G03/55-57 Barkly Street VIC 3195,410,1,1,1,Apartment / Unit / Flat
MORDIALLOC 8/13 Barkly Street VIC 3195,480,2,1,2,Apartment / Unit / Flat
MOORABBIN 1/17 Central Ave VIC 3189,485,2,1,2,Apartment / Unit / Flat
MELBOURNE 305/594 St Kilda Road VIC 3000,610,2,2,1,Apartment / Unit / Flat
BALLARAT CENTRAL 2/6 Bath Lane VIC 3350,500,2,1,1,Apartment / Unit / Flat
ABBOTSFORD H307/12 Trenerry Crescent VIC 3067,390,1,1,1,Apartment / Unit / Flat
ELWOOD 7/4-6 Kingsley Street VIC 3184,475,2,1,1,Apartment / Unit / Flat
PORT MELBOURNE 410A/3 Tarver Street VIC 3207,600,2,1,1,Apartment / Unit / Flat
PRAHRAN 210/18-30 Chatham Street VIC 3181,355,1,1,0,Apartment / Unit / Flat
ST KILDA 308/181 Fitzroy Street VIC 3182,500,2,1,1,Apartment / Unit / Flat
FITZROY 203/424 Gore Street VIC 3065,620,2,1,1,Apartment / Unit / Flat
TOORAK 10/49 Grange Road VIC 3142,495,2,1,1,Apartment / Unit / Flat
MOONEE PONDS 3/26 Hopetoun Street VIC 3039,470,2,1,1,Apartment / Unit / Flat
MELBOURNE 7/7 Drewery Lane VIC 3000,650,2,2,1,Apartment / Unit / Flat
PARKDALE 3/219 Como Parade East VIC 3195,300,1,1,1,Apartment / Unit / Flat
BENTLEIGH 303/277-279 Centre Road VIC 3204,575,2,2,2,Apartment / Unit / Flat
SOUTH MELBOURNE 2205/89 Gladstone Street VIC 3205,520,2,2,1,Apartment / Unit / Flat
WILLIAMSTOWN 77A Ferguson Street VIC 3016,475,2,1,0,Apartment / Unit / Flat
EAST MELBOURNE 303V/162 Albert Street VIC 3002,485,2,1,1,Apartment / Unit / Flat
MORDIALLOC 4/114 Warren Road VIC 3195,425,2,1,2,Apartment / Unit / Flat
MAIDSTONE 1/101 Ballarat Road VIC 3012,315,2,1,1,Apartment / Unit / Flat
BORONIA 5/12 Valerie Street VIC 3155,450,3,2,2,Apartment / Unit / Flat
RESERVOIR 1/117 Purinuan Road VIC 3073,400,3,2,1,Apartment / Unit / Flat
PRESTON 603/9 High Street VIC 3072,370,2,1,1,Apartment / Unit / Flat
PRESTON 1/22 High Street VIC 3072,380,2,1,1,Apartment / Unit / Flat
CARLTON 540A Drummond Street VIC 3053,435,1,1,1,Apartment / Unit / Flat
WILLIAMSTOWN 203/133 Railway Place VIC 3016,490,2,1,1,Apartment / Unit / Flat
WARRAGUL 2/73A Smith Street VIC 3820,1434,2,1,1,Apartment / Unit / Flat
PAKENHAM 5/23 Main Street VIC 3810,380,2,1,1,Apartment / Unit / Flat
BEAUMARIS 10/182 Weatherall Road VIC 3193,440,2,1,1,Apartment / Unit / Flat
WODONGA 2/48 Acacia Crescent VIC 3690,300,2,1,1,Apartment / Unit / Flat
CARLTON NORTH 1/172 Princes Street VIC 3054,550,2,1,1,Apartment / Unit / Flat
GLENROY 3/16 Ogden Street VIC 3046,440,2,1,1,Apartment / Unit / Flat
HAWTHORN 101/22 Findon Street VIC 3122,450,2,1,1,Apartment / Unit / Flat
WILLIAMSTOWN 27/18 Station Road VIC 3016,400,2,1,1,Apartment / Unit / Flat
TANGAMBALANGA 5/2 Kiewa East Road VIC 3691,190,2,1,1,Apartment / Unit / Flat
FOOTSCRAY 4 Cirque Drive VIC 3011,300,1,1,0,Apartment / Unit / Flat
SANDRINGHAM 324/18 Station Street VIC 3191,350,1,1,1,Apartment / Unit / Flat
CARRUM DOWNS 2/25 Lats Avenue VIC 3201,400,2,1,1,Apartment / Unit / Flat
SUNSHINE NORTH 3/57 Phoenix Street VIC 3020,220,1,1,0,Apartment / Unit / Flat
MENTONE 5/130 Warrigal Road VIC 3194,380,2,1,1,Apartment / Unit / Flat
SOUTH YARRA 4/2-6 Caroline Street South VIC 3141,295,1,1,0,Apartment / Unit / Flat
NORTHCOTE 1/30 Aberdeen Grove VIC 3070,295,1,1,1,Apartment / Unit / Flat
MARIBYRNONG 3/61 Wests Road VIC 3032,370,2,1,1,Apartment / Unit / Flat
RINGWOOD EAST 2/14 Lois Street VIC 3135,410,3,1,1,Apartment / Unit / Flat
WERRIBEE 2/137 Market Road VIC 3030,340,3,2,1,Apartment / Unit / Flat
STRATHMORE 2/467 Pascoe Vale Road VIC 3041,400,2,1,1,Apartment / Unit / Flat
ST KILDA EAST 3/50 Wilgah Street VIC 3183,395,2,1,1,Apartment / Unit / Flat
PORT MELBOURNE 4/76 Crockford Street VIC 3207,330,1,1,1,Apartment / Unit / Flat
ELWOOD 7/30 Mitford Street VIC 3184,380,1,1,0,Apartment / Unit / Flat
ENDEAVOUR HILLS 217A Power Road VIC 3802,380,3,1,1,Apartment / Unit / Flat
WEST MELBOURNE 202/87-89 Roden Street VIC 3003,575,2,2,1,Apartment / Unit / Flat
PRESTON 3/11 Mihil Street VIC 3072,475,2,1,1,Apartment / Unit / Flat
CARNEGIE G09/33 Belsize Avenue VIC 3163,420,1,1,1,Apartment / Unit / Flat
HOPPERS CROSSING 5/6-8 Willmott Drive VIC 3029,295,2,1,0,Apartment / Unit / Flat
FITZROY NORTH 14/272 Barkly Street VIC 3068,420,2,1,1,Apartment / Unit / Flat
CHIRNSIDE PARK 3/9 El Centro VIC 3116,390,2,1,1,Apartment / Unit / Flat
WERRIBEE 11/2-6 Kelly Street VIC 3030,300,1,1,1,Apartment / Unit / Flat
ASCOT VALE 8/103 The Parade VIC 3032,420,2,1,1,Apartment / Unit / Flat
FOOTSCRAY 2/20 Empire Street VIC 3011,300,2,1,1,Apartment / Unit / Flat
FLEMINGTON 11/7 Waltham Street VIC 3031,330,1,1,1,Apartment / Unit / Flat
MITCHAM 3/19 Orient Ave VIC 3132,450,3,1,2,Apartment / Unit / Flat
NORTH MELBOURNE 117a flemington Road VIC 3051,530,2,1,0,Apartment / Unit / Flat
ST KILDA WEST 1/34 Longmore Street VIC 3182,300,1,1,1,Apartment / Unit / Flat
SOUTHBANK 907/250 St Kilda Road VIC 3006,1300,3,2,2,Apartment / Unit / Flat
PARKDALE 203/131 Parkers Road VIC 3195,460,2,1,1,Apartment / Unit / Flat
ESSENDON 1/11 Fitzgerald Road VIC 3040,305,1,1,1,Apartment / Unit / Flat
SOUTH MELBOURNE 507/2 Albert Road VIC 3205,550,1,1,1,Apartment / Unit / Flat
CLAYTON 1/60 Stockdale Avenue VIC 3168,490,3,2,0,Apartment / Unit / Flat
NORTH MELBOURNE 7/49 Haines Street VIC 3051,350,2,1,1,Apartment / Unit / Flat
BRUNSWICK EAST U 2/321 Amess Street VIC 3057,350,2,1,1,Apartment / Unit / Flat
SOUTH MELBOURNE 72A Napier Street VIC 3205,575,2,2,1,Apartment / Unit / Flat
SPRINGVALE 1/33 Royal Avenue VIC 3171,380,2,1,1,Apartment / Unit / Flat
SEABROOK 1/25 Point Cook Road VIC 3028,330,2,1,1,Apartment / Unit / Flat
MELBOURNE 3511/157 A'Beckett Street VIC 3000,680,2,2,0,Apartment / Unit / Flat
THORNBURY 7/44 Woolton Avenue VIC 3071,365,2,1,1,Apartment / Unit / Flat
CARLTON 725/488 Swanston Street VIC 3053,360,2,1,0,Apartment / Unit / Flat
NORTHCOTE 2/8 Short Street VIC 3070,530,2,1,1,Apartment / Unit / Flat
CROYDON 1/175 Maroondah Highway VIC 3136,390,2,1,1,Apartment / Unit / Flat
VERMONT 1/6 Short Street VIC 3133,400,2,1,2,Apartment / Unit / Flat
MARIBYRNONG 7/82 Raleigh Road VIC 3032,295,1,1,1,Apartment / Unit / Flat
GLEN HUNTLY 5/12 Rosedale Avenue VIC 3163,340,1,1,1,Apartment / Unit / Flat
CHELTENHAM 109/321 Charman Road VIC 3192,380,2,1,1,Apartment / Unit / Flat
BERWICK 5/7-8 Roseville Court VIC 3806,400,3,2,1,Apartment / Unit / Flat
BRUNSWICK WEST 2/380-382 Brunswick Road VIC 3055,350,2,1,1,Apartment / Unit / Flat
DROUIN 17/98 Lampard Road VIC 3818,415,3,2,2,Apartment / Unit / Flat
ALTONA MEADOWS 3/26-28 Balmoral Street South VIC 3028,320,2,1,1,Apartment / Unit / Flat
ESSENDON 4/242 Pascoe Vale Road VIC 3040,295,1,1,1,Apartment / Unit / Flat
FOOTSCRAY 8/55 Swan Street VIC 3011,220,1,1,0,Apartment / Unit / Flat
CHELSEA 1/59 Argyle Avenue VIC 3196,460,3,1,2,Apartment / Unit / Flat
NOBLE PARK 5/2-4 Fintonia Road VIC 3174,350,2,1,1,Apartment / Unit / Flat
CARLTON 35 Drummond Street VIC 3053,1100,4,1,4,Apartment / Unit / Flat
ASCOT VALE 22/22 Leonard Crescent VIC 3032,400,2,1,1,Apartment / Unit / Flat
NORTH MELBOURNE 209/55 Villiers Street VIC 3051,330,1,1,0,Apartment / Unit / Flat
ST KILDA 4/36 Waterloo Crescent VIC 3182,290,1,1,1,Apartment / Unit / Flat
TYABB 7/14 William Street VIC 3913,330,2,1,0,Apartment / Unit / Flat
WARRNAMBOOL  VIC 3280,270,1,1,1,Apartment / Unit / Flat
ST KILDA 6/76 Carlisle Street VIC 3182,325,2,1,1,Apartment / Unit / Flat
WERRIBEE 3/42-44 Cottrell Street VIC 3030,280,2,1,1,Apartment / Unit / Flat
BRUNSWICK WEST 605/8 Olive York Way VIC 3055,390,2,1,1,Apartment / Unit / Flat
ST KILDA 28/12 Fitzroy Street VIC 3182,525,2,1,2,Apartment / Unit / Flat
SOUTH MELBOURNE 906/2-14 Albert Road VIC 3205,650,1,1,1,Apartment / Unit / Flat
ELSTERNWICK 404/17 Gordon Street VIC 3185,440,1,1,1,Apartment / Unit / Flat
KENSINGTON 103/102 Rankins Road VIC 3031,350,1,1,1,Apartment / Unit / Flat
ST KILDA WEST 3/21 Park Street VIC 3182,360,1,1,1,Apartment / Unit / Flat
ELWOOD 6/17A Milton Street VIC 3184,550,2,1,1,Apartment / Unit / Flat
MIDDLE PARK 12/55 Canterbury Road VIC 3206,850,3,3,1,Apartment / Unit / Flat
PRAHRAN 107/7 King Street VIC 3181,365,1,1,0,Apartment / Unit / Flat
ST KILDA 7/25 Brighton Road VIC 3182,280,1,1,1,Apartment / Unit / Flat
GLENROY 5/836 Pascoe Vale Road VIC 3046,330,2,1,0,Apartment / Unit / Flat
BRUNSWICK 3/35 Henkel Street VIC 3056,310,1,1,1,Apartment / Unit / Flat
"WERRIBEE SOUTH Ground Level, Apartment 5, 33 Quay Boulevard VIC 3030",400,2,2,2,Apartment / Unit / Flat
SOUTHBANK 3601/241 City Road VIC 3006,500,2,1,0,Apartment / Unit / Flat
OAKLEIGH SOUTH 2/224 Warrigal Road VIC 3167,350,2,1,1,Apartment / Unit / Flat
WILLIAMSTOWN 16/83 Verdon Street VIC 3016,330,1,1,1,Apartment / Unit / Flat
WILLIAMSTOWN NORTH 5/111 Park Crescent VIC 3016,410,2,1,1,Apartment / Unit / Flat
BRUNSWICK 6/27 Balmoral Avenue VIC 3056,380,2,1,1,Apartment / Unit / Flat
FOOTSCRAY 19/697 Barkly Street VIC 3011,260,1,1,1,Apartment / Unit / Flat
ST KILDA 11/15-17 Crimea Street VIC 3182,375,1,1,1,Apartment / Unit / Flat
ST KILDA WEST 31/82 Park Street VIC 3182,375,1,1,1,Apartment / Unit / Flat
NORTH MELBOURNE 9/417 Dryburgh Street VIC 3051,390,2,1,1,Apartment / Unit / Flat
PORT MELBOURNE 402/88 Dow Street VIC 3207,750,3,2,2,Apartment / Unit / Flat
ST KILDA 3/33 Neptune Street VIC 3182,480,2,1,1,Apartment / Unit / Flat
KENSINGTON 3/86 Rankins Road VIC 3031,330,1,1,1,Apartment / Unit / Flat
MARIBYRNONG 1/4 Rowe Street VIC 3032,430,3,2,1,Apartment / Unit / Flat
SOUTH MELBOURNE 12/2-4 Heather Street VIC 3205,340,1,1,1,Apartment / Unit / Flat
FITZROY NORTH 205/144 Queens Parade VIC 3068,600,2,2,1,Apartment / Unit / Flat
MARIBYRNONG 2/20 Navigator Street VIC 3032,355,2,1,1,Apartment / Unit / Flat
PARKVILLE 106/459 Royal Parade VIC 3052,400,1,1,1,Apartment / Unit / Flat
ASCOT VALE 1/25 Harold Street VIC 3032,280,1,1,1,Apartment / Unit / Flat
ALBERT PARK 4/78 Kerferd Road VIC 3206,470,2,1,0,Apartment / Unit / Flat
WILLIAMSTOWN 1/105 Railway Place VIC 3016,510,2,1,1,Apartment / Unit / Flat
BEECHWORTH 55 Ford Street VIC 3747,350,2,1,1,Apartment / Unit / Flat
ASCOT VALE 1/5 Rothwell Street VIC 3032,380,2,1,1,Apartment / Unit / Flat
PAKENHAM 8/107 Army Road VIC 3810,330,2,1,1,Apartment / Unit / Flat
PARKVILLE 406/459 Royal Parade VIC 3052,560,2,2,1,Apartment / Unit / Flat
ST KILDA EAST 7/154 Alma Road VIC 3183,395,2,1,1,Apartment / Unit / Flat
FITZROY 303/81 Argyle Street VIC 3065,470,1,1,1,Apartment / Unit / Flat
IVANHOE 2/17 Green Street VIC 3079,410,2,1,1,Apartment / Unit / Flat
BRUNSWICK EAST 2/72 Victoria Street VIC 3057,390,2,1,0,Apartment / Unit / Flat
WERRIBEE 1/137 Greaves Street VIC 3030,330,2,1,1,Apartment / Unit / Flat
PRAHRAN 4/28 Raleigh Street VIC 3181,385,1,1,1,Apartment / Unit / Flat
BUNDOORA 101B/1091 Plenty Road VIC 3083,395,2,2,1,Apartment / Unit / Flat
PAKENHAM 6/40 Army Road VIC 3810,370,3,1,1,Apartment / Unit / Flat
MARIBYRNONG 207/8 Horizon Drive VIC 3032,465,2,2,1,Apartment / Unit / Flat
ELWOOD 1/445 St Kilda Street VIC 3184,500,2,1,1,Apartment / Unit / Flat
FITZROY 302/270 Young Street VIC 3065,950,2,2,2,Apartment / Unit / Flat
TOORAK 2/12 Chastleton Avenue VIC 3142,460,2,1,1,Apartment / Unit / Flat
NORTH MELBOURNE 9/49 Brougham Street VIC 3051,280,1,1,0,Apartment / Unit / Flat
FOOTSCRAY 201/21 Buckingham Street VIC 3011,390,2,1,1,Apartment / Unit / Flat
WARRNAMBOOL 2/18 Kielli Drive VIC 3280,350,2,1,1,Apartment / Unit / Flat
HAWTHORN 1/17 Muir Street VIC 3122,450,3,1,1,Apartment / Unit / Flat
SOUTH YARRA 607/8 Daly Street VIC 3141,540,2,2,1,Apartment / Unit / Flat
HEIDELBERG HEIGHTS 105/452 Waterdale Road VIC 3081,399,2,1,1,Apartment / Unit / Flat
HAWTHORN 6/42 Morang Road VIC 3122,300,1,1,1,Apartment / Unit / Flat
CARNEGIE 315/1060 Dandenong Road VIC 3163,530,2,2,1,Apartment / Unit / Flat
EAST MELBOURNE 1/9 Garden Avenue VIC 3002,490,2,1,1,Apartment / Unit / Flat
CAULFIELD NORTH 1/55 Wanda Rd VIC 3161,750,3,2,2,Apartment / Unit / Flat
ST KILDA 3502/14-16 The Esplanade VIC 3182,5000,3,3,3,Apartment / Unit / Flat
PORT MELBOURNE 301/130 Bay Street VIC 3207,1600,3,3,2,Apartment / Unit / Flat
SOUTH YARRA 14/110 Caroline Street VIC 3141,500,2,1,1,Apartment / Unit / Flat
MELBOURNE 60/485 St Kilda Road VIC 3004,395,1,1,1,Apartment / Unit / Flat
COLLINGWOOD 201/109 Dight Street VIC 3066,500,1,1,1,Apartment / Unit / Flat
SOUTHBANK 3908E/18 Hoff Blvd VIC 3006,700,2,2,0,Apartment / Unit / Flat
MENTONE 1/57 Milan Street VIC 3194,440,2,1,2,Apartment / Unit / Flat
ASCOT VALE 1/26 Epsom Road VIC 3032,400,2,1,1,Apartment / Unit / Flat
ST KILDA 22/19 Robe Street VIC 3182,450,2,1,1,Apartment / Unit / Flat
MALVERN 9/12 Irving Street VIC 3144,400,1,1,1,Apartment / Unit / Flat
COBURG 5/144 Nicholson Street VIC 3058,300,2,1,1,Apartment / Unit / Flat
TAWONGA SOUTH 1 Heberles Road VIC 3698,320,1,1,0,Apartment / Unit / Flat
THORNBURY 4/97 Gooch Street VIC 3071,395,2,1,1,Apartment / Unit / Flat
