,Unnamed: 0,address,price,beds,baths,parking,propertyTypeFormatted,latitudes,longitudes,coordinates
0,0,SOUTH YARRA 12 MacFarlan Street VIC 3141,625,2,1,0,House,-37.8333,144.9833,"[144.9833, -37.8333]"
1,1,RICHMOND 104 Somerset Street VIC 3121,695,2,1,0,House,-37.8271,145.0064,"[145.0064, -37.8271]"
2,2,WEST MELBOURNE 78 Hawke Street VIC 3003,1100,4,2,1,House,-37.8101,144.95,"[144.95, -37.8101]"
3,3,ST KILDA EAST 2 Kurrajong Avenue VIC 3183,720,3,2,1,House,-37.8692,144.9977,"[144.9977, -37.8692]"
4,4,CAULFIELD NORTH 38 Park Crescent VIC 3161,920,3,3,2,House,-37.0,145.0,"[145.0, -37.0]"
5,5,WODONGA 9 Huon Street VIC 3690,400,3,1,0,House,-36.0997,146.802,"[146.802, -36.0997]"
6,6,WODONGA 40 DAINTREE WAY VIC 3690,450,3,2,2,House,-36.0997,146.802,"[146.802, -36.0997]"
7,7,WODONGA 16 TEAL COURT VIC 3690,480,4,2,2,House,-36.0997,146.802,"[146.802, -36.0997]"
8,8,CHADSTONE 37 Margot Street VIC 3148,395,2,1,3,House,-37.8833,145.1167,"[145.1167, -37.8833]"
9,9,FLINDERS 6 Bass Street VIC 3929,1300,5,2,2,House,-38.4739,145.019,"[145.019, -38.4739]"
10,10,HIGHETT 28 Wilson Street VIC 3190,750,3,1,2,House,-37.9517,145.0394,"[145.0394, -37.9517]"
11,11,RICHMOND 17 King Street VIC 3121,560,2,1,1,House,-37.8271,145.0064,"[145.0064, -37.8271]"
12,12,CAMBERWELL 203 Highfield Road VIC 3124,1150,6,3,2,House,-37.8248,145.0705,"[145.0705, -37.8248]"
13,13,RICHMOND 4/52 Lyndhurst Street VIC 3121,950,3,2,1,House,-37.8271,145.0064,"[145.0064, -37.8271]"
14,14,GLEN IRIS 44 Francis Cres VIC 3146,995,3,2,3,House,-37.8599,145.0549,"[145.0549, -37.8599]"
15,15,RICHMOND 609/14 David Street VIC 3121,560,2,2,1,House,-37.8271,145.0064,"[145.0064, -37.8271]"
16,16,MOONEE PONDS 80a Waverley Street VIC 3039,750,3,2,2,House,-37.7667,144.9167,"[144.9167, -37.7667]"
17,17,DROMANA 26 William Street VIC 3936,585,4,2,2,House,-38.3632,144.9598,"[144.9598, -38.3632]"
18,18,BRIGHTON 6 Laburnum Court VIC 3186,550,2,1,1,House,-37.9057,145.0067,"[145.0067, -37.9057]"
19,19,GLEN IRIS 67 Florizel Street VIC 3146,640,3,2,4,House,-37.8599,145.0549,"[145.0549, -37.8599]"
20,20,FITZROY NORTH 14 Park Street VIC 3068,1200,3,2,1,House,-37.7865,144.9897,"[144.9897, -37.7865]"
21,21,ARMADALE 34c Rose Street VIC 3143,650,2,1,0,House,-37.85,145.0333,"[145.0333, -37.85]"
22,22,GLEN IRIS 14 Grosvenor Road VIC 3146,520,2,1,2,House,-37.8599,145.0549,"[145.0549, -37.8599]"
23,23,ESSENDON 1A Ogilvie St VIC 3040,560,3,1,1,House,-37.7538,144.8883,"[144.8883, -37.7538]"
24,24,UPWEY 64 Ferguson Street VIC 3158,650,3,1,2,House,-37.9,145.3333,"[145.3333, -37.9]"
25,26,WODONGA 26 HUON STREET VIC 3690,350,2,1,1,House,-36.0997,146.802,"[146.802, -36.0997]"
26,27,PRESTON 47 Gilbert Road VIC 3072,700,3,3,3,House,-37.75,145.0167,"[145.0167, -37.75]"
27,28,BLACK ROCK 112A Bluff Road VIC 3193,1150,3,1,0,House,-37.9736,145.0164,"[145.0164, -37.9736]"
28,29,NORTHCOTE 4/165 Clarke Street VIC 3070,560,2,1,1,House,-37.7667,145.0,"[145.0, -37.7667]"
29,30,CLIFTON HILL 133 Ramsden Street VIC 3068,570,2,1,0,House,-37.7865,144.9897,"[144.9897, -37.7865]"
30,31,BRUNSWICK 92 Brunswick Road VIC 3056,660,3,1,0,House,-37.7667,144.9667,"[144.9667, -37.7667]"
31,32,CAMBERWELL 13 Warburton Road VIC 3124,750,3,1,1,House,-37.8248,145.0705,"[145.0705, -37.8248]"
32,33,RICHMOND 19 Baker Street VIC 3121,510,3,1,0,House,-37.8271,145.0064,"[145.0064, -37.8271]"
33,34,MONT ALBERT NORTH 4 Melrose Street VIC 3129,500,3,1,2,House,-37.8004,145.1083,"[145.1083, -37.8004]"
34,35,EYNESBURY 30 Goulburn Way VIC 3338,450,4,2,2,House,-37.7077,144.5749,"[144.5749, -37.7077]"
35,36,ABBOTSFORD 12 Park Street VIC 3067,675,2,1,0,House,-37.8046,144.9998,"[144.9998, -37.8046]"
36,37,NUNAWADING 13 Brenda Court VIC 3131,550,3,1,1,House,-37.8275,145.1739,"[145.1739, -37.8275]"
37,38,HIGHETT 1/6 Turner Road VIC 3190,715,4,2,2,House,-37.9517,145.0394,"[145.0394, -37.9517]"
38,39,CAMBERWELL 9 Ruyton Street VIC 3124,800,3,2,2,House,-37.8248,145.0705,"[145.0705, -37.8248]"
39,40,PRAHRAN 11 York Street VIC 3181,690,3,1,0,House,-37.853,144.9929,"[144.9929, -37.853]"
40,41,MOUNT WAVERLEY 54 Kemp Avenue VIC 3149,450,2,1,1,House,-37.8771,145.1294,"[145.1294, -37.8771]"
41,42,PORT MELBOURNE 85 Dunstan Parade VIC 3207,650,3,1,2,House,-37.8329,144.922,"[144.922, -37.8329]"
42,43,NOBLE PARK 44 Chandler Road VIC 3174,525,3,1,2,House,-37.9667,145.1667,"[145.1667, -37.9667]"
43,44,MOORABBIN 23 Hamer Street VIC 3189,725,4,2,2,House,-37.9415,145.0578,"[145.0578, -37.9415]"
44,45,NORTHCOTE 10/2 Johnson Street VIC 3070,330,1,1,1,House,-37.7667,145.0,"[145.0, -37.7667]"
45,47,OAKLEIGH 41 Bishop Street VIC 3166,650,3,2,2,House,-37.8995,145.0811,"[145.0811, -37.8995]"
46,48,HUGHESDALE 15 Fintonia Street VIC 3166,680,3,2,2,House,-37.8995,145.0811,"[145.0811, -37.8995]"
47,49,CHADSTONE 1/26 Adrian Street VIC 3148,465,3,1,1,House,-37.8833,145.1167,"[145.1167, -37.8833]"
48,50,OAKLEIGH SOUTH 1292 North Road VIC 3167,450,3,1,5,House,-37.9115538,145.1005469,"[145.1005469, -37.9115538]"
49,51,BULLEEN 127 Willow Bend VIC 3105,600,4,2,2,House,-37.7667,145.0833,"[145.0833, -37.7667]"
50,52,HIGHETT 34 Donald St VIC 3190,650,3,1,1,House,-37.9517,145.0394,"[145.0394, -37.9517]"
51,53,KEYSBOROUGH 242 Chandler Road VIC 3173,490,3,1,4,House,-37.9912,145.1739,"[145.1739, -37.9912]"
52,54,ABBOTSFORD 11 Turner Street VIC 3067,550,2,1,2,House,-37.8046,144.9998,"[144.9998, -37.8046]"
53,55,SOUTH YARRA 10 Nicholson Street VIC 3141,600,2,1,0,House,-37.8333,144.9833,"[144.9833, -37.8333]"
54,56,PRAHRAN 7 Larnook Street VIC 3181,920,3,1,0,House,-37.853,144.9929,"[144.9929, -37.853]"
55,57,CLIFTON HILL 173 Spensley Street VIC 3068,820,3,1,0,House,-37.7865,144.9897,"[144.9897, -37.7865]"
56,58,BRUNSWICK 78 Hope Street VIC 3056,620,2,1,0,House,-37.7667,144.9667,"[144.9667, -37.7667]"
57,59,BALACLAVA 4 Nightingale Street VIC 3183,1050,4,3,1,House,-37.8692,144.9977,"[144.9977, -37.8692]"
58,60,SPRINGVALE SOUTH 2 Vella Court VIC 3172,500,3,2,2,House,-37.9827,145.1342,"[145.1342, -37.9827]"
59,61,CHADSTONE 11 Binalong Ave VIC 3148,525,3,1,3,House,-37.8833,145.1167,"[145.1167, -37.8833]"
60,62,PRAHRAN 2 Anchor Place VIC 3181,1100,3,2,1,House,-37.853,144.9929,"[144.9929, -37.853]"
61,63,ALPHINGTON 565 Heidelberg Road VIC 3078,600,3,3,2,House,-37.7829,145.0226,"[145.0226, -37.7829]"
62,64,RIPPONLEA 7A Los Angeles Court VIC 3185,680,2,1,0,House,-37.8984,145.0088,"[145.0088, -37.8984]"
63,65,BEAUMARIS 286A Balcombe Rd VIC 3193,720,3,2,1,House,-37.9736,145.0164,"[145.0164, -37.9736]"
64,66,CHADSTONE 11 Evans Street VIC 3148,590,3,2,2,House,-37.8833,145.1167,"[145.1167, -37.8833]"
65,67,SOUTH YARRA 72 Oban Street VIC 3141,1300,3,2,2,House,-37.8333,144.9833,"[144.9833, -37.8333]"
66,68,WODONGA 1a Clarendon Avenue VIC 3690,585,3,2,2,House,-36.0997,146.802,"[146.802, -36.0997]"
67,69,RICHMOND 24 Wertheim Street VIC 3121,625,2,2,1,House,-37.8271,145.0064,"[145.0064, -37.8271]"
68,70,SOUTH YARRA 19 Tivoli Road VIC 3141,530,2,1,0,House,-37.8333,144.9833,"[144.9833, -37.8333]"
69,71,WODONGA 1 Buckland Court VIC 3690,420,3,1,2,House,-36.0997,146.802,"[146.802, -36.0997]"
70,72,MOONEE PONDS 12 Vine Street VIC 3039,650,3,1,1,House,-37.7667,144.9167,"[144.9167, -37.7667]"
71,73,OAK PARK 14 Forbes Grove VIC 3046,500,3,2,2,House,-37.7,144.9333,"[144.9333, -37.7]"
72,74,THORNBURY 146 Raleigh Street VIC 3071,850,3,2,1,House,-37.7583,145.0051,"[145.0051, -37.7583]"
73,75,RICHMOND 2/94 Buckingham Street VIC 3121,600,2,1,1,House,-37.8271,145.0064,"[145.0064, -37.8271]"
74,77,WEIR VIEWS 27 Fellows Street VIC 3338,400,4,2,2,House,-37.7077,144.5749,"[144.5749, -37.7077]"
75,79,BRUNSWICK EAST 250A Stewart Street VIC 3057,750,3,2,2,House,-37.7603,144.9502,"[144.9502, -37.7603]"
76,80,DEEPDENE 5 Whitehorse Road VIC 3103,850,4,3,3,House,-37.8117,145.081,"[145.081, -37.8117]"
77,81,MALVERN EAST 1 Thurso St VIC 3145,550,3,1,2,House,-37.874,145.0425,"[145.0425, -37.874]"
78,82,BRIGHTON EAST 26 Agnew St VIC 3187,675,2,1,1,House,-37.9014,145.0188,"[145.0188, -37.9014]"
79,83,SPRINGVALE 4 Woodward Street VIC 3171,700,4,2,6,House,-37.9457,145.1581,"[145.1581, -37.9457]"
80,84,KEYSBOROUGH 19 Somerset Drive VIC 3173,430,3,1,3,House,-37.9912,145.1739,"[145.1739, -37.9912]"
81,85,CANTERBURY 31 Bryson Street VIC 3126,1100,4,2,2,House,-37.8247,145.0848,"[145.0848, -37.8247]"
82,86,COBURG 25 Francis Street VIC 3058,650,3,2,0,House,-37.75,144.9667,"[144.9667, -37.75]"
83,87,SOUTH YARRA 122 Hope Street VIC 3141,775,2,1,2,House,-37.8333,144.9833,"[144.9833, -37.8333]"
84,88,CLIFTON HILL 105 Field Street VIC 3068,950,4,2,1,House,-37.7865,144.9897,"[144.9897, -37.7865]"
85,89,CHADSTONE 40 Atkinson Street VIC 3148,450,3,1,3,House,-37.8833,145.1167,"[145.1167, -37.8833]"
86,90,BRIGHTON EAST 39 Comer Street VIC 3187,1100,4,2,2,House,-37.9014,145.0188,"[145.0188, -37.9014]"
87,91,NORTHCOTE 57 Bent Street VIC 3070,570,2,1,0,House,-37.7667,145.0,"[145.0, -37.7667]"
88,92,GLEN WAVERLEY 34 Garrisson Drive VIC 3150,629,3,1,4,House,-37.8788603,145.1761642,"[145.1761642, -37.8788603]"
89,93,KEW 90 Edgevale Road VIC 3101,1600,4,2,1,House,-37.8064,145.0309,"[145.0309, -37.8064]"
90,94,GARDENVALE 53 Elster Avenue VIC 3185,950,3,2,2,House,-37.8984,145.0088,"[145.0088, -37.8984]"
91,95,ST KILDA 17 Charles Street VIC 3182,650,2,1,2,House,-37.8633,144.9802,"[144.9802, -37.8633]"
92,96,BURWOOD EAST 617 Highbury Road VIC 3151,700,4,2,5,House,-37.8535,145.1503,"[145.1503, -37.8535]"
93,97,SOUTH YARRA 3 Barry Street VIC 3141,795,3,1,0,House,-37.8333,144.9833,"[144.9833, -37.8333]"
94,98,CHADSTONE 2/28 Rae Street VIC 3148,600,3,2,2,House,-37.8833,145.1167,"[145.1167, -37.8833]"
95,99,BOX HILL SOUTH 43 Neville Street VIC 3128,445,3,1,2,House,-37.8256,145.1232,"[145.1232, -37.8256]"
96,100,MONT ALBERT NORTH 9 Braemar Street VIC 3129,650,3,1,2,House,-37.8004,145.1083,"[145.1083, -37.8004]"
97,101,WEST FOOTSCRAY 18 Pitt Street VIC 3012,590,3,2,3,House,-37.8302,144.8709,"[144.8709, -37.8302]"
98,102,DONCASTER EAST 2 Peter Street VIC 3109,640,5,2,2,House,-37.7795,145.1638,"[145.1638, -37.7795]"
99,103,COBURG 8 Grey Street VIC 3058,630,5,2,0,House,-37.75,144.9667,"[144.9667, -37.75]"
100,104,ASHWOOD 7 Woolert Street VIC 3147,400,2,1,1,House,-37.8626,145.0794,"[145.0794, -37.8626]"
101,105,CAULFIELD 14 Harcourt Ave VIC 3162,950,3,2,2,House,-37.8914,145.0254,"[145.0254, -37.8914]"
102,106,THORNBURY 9 Harold Street VIC 3071,905,3,1,1,House,-37.7583,145.0051,"[145.0051, -37.7583]"
103,107,HEIDELBERG HEIGHTS 562 Waterdale Rd VIC 3081,385,2,1,4,House,-37.7531,145.0385,"[145.0385, -37.7531]"
104,108,TOORAK 99 Grange Road VIC 3142,2200,5,3,2,House,-37.8416,145.0177,"[145.0177, -37.8416]"
105,109,RICHMOND 89 Elizabeth Street VIC 3121,425,2,1,0,House,-37.8271,145.0064,"[145.0064, -37.8271]"
106,110,SOUTH YARRA 19 Balmoral Place VIC 3141,1200,3,3,2,House,-37.8333,144.9833,"[144.9833, -37.8333]"
107,111,BALWYN NORTH 18 Viewpoint Road VIC 3104,680,3,1,2,House,-37.7909,145.0939,"[145.0939, -37.7909]"
108,112,WODONGA 6 Batt Avenue VIC 3690,350,3,2,4,House,-36.0997,146.802,"[146.802, -36.0997]"
109,113,CARNEGIE 353 Neerim Rd VIC 3163,425,2,1,2,House,-37.8895,145.0581,"[145.0581, -37.8895]"
110,114,HAWTHORN 101/567 Glenferrie Road VIC 3122,500,2,1,1,House,-37.8199,145.0358,"[145.0358, -37.8199]"
111,115,MITCHAM 26 Fellows Street VIC 3132,450,3,1,1,House,-37.8182,145.199,"[145.199, -37.8182]"
112,116,CAMBERWELL 27 Donna Buang Street VIC 3124,1900,6,4,5,House,-37.8248,145.0705,"[145.0705, -37.8248]"
113,117,TARNEIT 33 Stratus Street VIC 3029,360,3,2,2,House,-37.8826,144.7003,"[144.7003, -37.8826]"
114,118,TARNEIT 35 Stratus Street VIC 3029,360,3,2,2,House,-37.8826,144.7003,"[144.7003, -37.8826]"
115,119,CAULFIELD SOUTH 68 Dover Street VIC 3162,1400,5,3,3,House,-37.8914,145.0254,"[145.0254, -37.8914]"
116,120,GLEN IRIS 14/1517 Malvern Road VIC 3146,400,2,1,1,House,-37.8599,145.0549,"[145.0549, -37.8599]"
117,121,BRUNSWICK WEST 3/564C Moreland Road VIC 3055,550,2,2,1,House,-37.7603,144.9502,"[144.9502, -37.7603]"
118,122,CHELSEA 6 Stayner Street VIC 3196,460,2,1,1,House,-38.0372,145.1097,"[145.1097, -38.0372]"
119,123,RICHMOND 11 Corsair Street VIC 3121,675,2,1,0,House,-37.8271,145.0064,"[145.0064, -37.8271]"
120,124,GEELONG WEST 36 McDougall Street VIC 3218,460,2,1,1,House,-38.1343,144.3241,"[144.3241, -38.1343]"
121,126,MALVERN EAST 41 Chadstone Road VIC 3145,950,5,2,3,House,-37.874,145.0425,"[145.0425, -37.874]"
122,127,FYANSFORD 11 Maskell Court VIC 3218,480,3,2,1,House,-38.1343,144.3241,"[144.3241, -38.1343]"
123,128,SPRINGVALE 35 Wareham Street VIC 3171,50,5,3,4,House,-37.9457,145.1581,"[145.1581, -37.9457]"
124,129,THORNBURY 86 Hutton Street VIC 3071,650,3,1,1,House,-37.7583,145.0051,"[145.0051, -37.7583]"
125,130,NEWCOMB 5/111 Bellarine Hwy VIC 3219,375,2,1,1,House,-38.1662,144.3943,"[144.3943, -38.1662]"
126,131,BAYSWATER 2/62 Scoresby Road VIC 3153,520,4,2,2,House,-37.85,145.2667,"[145.2667, -37.85]"
127,132,WHEELERS HILL 48 Craig Hill Drive VIC 3150,650,4,2,2,House,-37.8891,145.174,"[145.174, -37.8891]"
128,133,BENTLEIGH EAST 19 Valkstone Street VIC 3165,780,3,2,2,House,-37.9201,145.0599,"[145.0599, -37.9201]"
129,134,SOUTH YARRA 9/4 Davidson Street VIC 3141,525,2,1,2,House,-37.8333,144.9833,"[144.9833, -37.8333]"
130,135,PORT MELBOURNE 118 Clark Street VIC 3207,800,3,1,0,House,-37.8329,144.922,"[144.922, -37.8329]"
131,136,BRUNSWICK 52 Hope Street VIC 3056,850,4,1,2,House,-37.7667,144.9667,"[144.9667, -37.7667]"
132,137,BRIGHTON 1/20 Kent Avenue VIC 3186,3500,5,4,3,House,-37.9057,145.0067,"[145.0067, -37.9057]"
133,138,GLEN IRIS 55 Great Valley Road VIC 3146,685,2,1,2,House,-37.8599,145.0549,"[145.0549, -37.8599]"
134,140,MOUNT DUNEED 22 Whites Rd VIC 3217,500,4,2,2,House,-38.2583,144.3083,"[144.3083, -38.2583]"
135,141,CARLTON NORTH 345 Station Street VIC 3054,650,2,1,0,House,-37.7866,144.9685,"[144.9685, -37.7866]"
136,142,BALWYN 37 Kireep Road VIC 3103,720,4,2,2,House,-37.8117,145.081,"[145.081, -37.8117]"
137,143,GROVEDALE 75 Pethajohn Parade VIC 3216,600,4,2,2,House,-38.2335,144.3007,"[144.3007, -38.2335]"
138,144,IVANHOE 89 Marshall Street VIC 3079,510,2,1,2,House,-37.769,145.0431,"[145.0431, -37.769]"
139,145,SOUTH YARRA 22 Davis Avenue VIC 3141,1500,3,2,1,House,-37.8333,144.9833,"[144.9833, -37.8333]"
140,146,MALVERN EAST 512/803 Dandenong Road VIC 3145,500,2,1,1,House,-37.874,145.0425,"[145.0425, -37.874]"
141,147,CAROLINE SPRINGS 16 Macedon Close VIC 3023,450,3,2,2,House,-37.7541,144.7651,"[144.7651, -37.7541]"
142,148,GLEN HUNTLY 14 Hawson Avenue VIC 3163,540,3,1,2,House,-37.8895,145.0581,"[145.0581, -37.8895]"
143,149,BUNDOORA 67 Weir Loop VIC 3083,500,3,2,2,House,-37.7062,145.0474,"[145.0474, -37.7062]"
144,150,ARMSTRONG CREEK 30 Edenhope Circuit VIC 3217,530,4,2,2,House,-38.2583,144.3083,"[144.3083, -38.2583]"
145,152,PRAHRAN 93 Chomley Street VIC 3181,685,2,1,0,House,-37.853,144.9929,"[144.9929, -37.853]"
146,153,COBURG 100 Clarendon Street VIC 3058,720,3,1,1,House,-37.75,144.9667,"[144.9667, -37.75]"
147,154,ST KILDA 61 Acland Street VIC 3182,780,2,1,0,House,-37.8633,144.9802,"[144.9802, -37.8633]"
148,155,OAKLEIGH SOUTH 25 Mimosa Avenue VIC 3167,560,4,1,4,House,-37.927,145.0964,"[145.0964, -37.927]"
149,156,CROYDON 4 Allaware Avenue VIC 3136,500,3,1,2,House,-37.7744,145.2756,"[145.2756, -37.7744]"
150,157,BRIGHTON EAST 647 Hawthorn Road VIC 3187,990,4,2,1,House,-37.9014,145.0188,"[145.0188, -37.9014]"
151,158,RICHMOND 57 Baker Street VIC 3121,650,3,1,1,House,-37.8271,145.0064,"[145.0064, -37.8271]"
152,159,COBURG 6 Rolls Street VIC 3058,600,3,2,2,House,-37.75,144.9667,"[144.9667, -37.75]"
153,160,RINGWOOD EAST 8 Merry Street VIC 3135,550,4,2,2,House,-37.8213,145.2489,"[145.2489, -37.8213]"
154,161,FITZROY NORTH 62 Clauscen Street VIC 3068,680,2,1,0,House,-37.7865,144.9897,"[144.9897, -37.7865]"
155,162,BRIGHTON EAST 78 Marriage Rd VIC 3187,1000,4,2,1,House,-37.9014,145.0188,"[145.0188, -37.9014]"
156,163,KENSINGTON 25 Wolseley Parade VIC 3031,995,4,2,2,House,-37.7899,144.9226,"[144.9226, -37.7899]"
157,165,BRIGHTON 21 Elm Grove VIC 3186,700,2,1,1,House,-37.9057,145.0067,"[145.0067, -37.9057]"
158,166,WINDSOR 26 Thomas Street South VIC 3181,750,3,1,1,House,-37.853,144.9929,"[144.9929, -37.853]"
159,167,ABBOTSFORD 97 Stafford Street VIC 3067,625,2,1,0,House,-37.8046,144.9998,"[144.9998, -37.8046]"
160,168,HAWTHORN EAST 15/40 Harold Street VIC 3123,600,2,2,1,House,-37.8248,145.0464,"[145.0464, -37.8248]"
161,169,CARLTON NORTH 46 Princes St VIC 3054,550,2,1,0,House,-37.7866,144.9685,"[144.9685, -37.7866]"
162,170,BENTLEIGH EAST 31 Magnolia Avenue VIC 3165,815,3,2,3,House,-37.9201,145.0599,"[145.0599, -37.9201]"
163,171,RICHMOND 25 Chestnut Street VIC 3121,1100,3,2,0,House,-37.8271,145.0064,"[145.0064, -37.8271]"
164,172,RICHMOND 46 Loyola Grove VIC 3121,750,3,2,2,House,-37.8271,145.0064,"[145.0064, -37.8271]"
165,173,ARMSTRONG CREEK 22 Falcon Street VIC 3217,480,4,2,2,House,-38.2583,144.3083,"[144.3083, -38.2583]"
166,174,CAULFIELD SOUTH 24 Brooklyn Avenue VIC 3162,695,2,1,2,House,-37.0,145.0,"[145.0, -37.0]"
167,175,HUGHESDALE 26 Austin Street VIC 3166,550,3,1,2,House,-37.8995,145.0811,"[145.0811, -37.8995]"
168,176,GLEN WAVERLEY 38 Kauri Grove VIC 3150,520,3,2,1,House,-37.8891,145.174,"[145.174, -37.8891]"
169,177,SOUTH YARRA 57 Lang Street VIC 3141,650,2,1,1,House,-37.8333,144.9833,"[144.9833, -37.8333]"
170,178,RINGWOOD NORTH 29 Melview Drive VIC 3134,600,3,2,2,House,-37.7667,145.25,"[145.25, -37.7667]"
171,180,PORT MELBOURNE 16 Byrne Street VIC 3207,650,3,1,1,House,-37.8329,144.922,"[144.922, -37.8329]"
172,181,BALWYN 1/18 Raynes Street VIC 3103,860,4,2,2,House,-37.8117,145.081,"[145.081, -37.8117]"
173,182,BALWYN NORTH 7 Nevada Street VIC 3104,760,5,2,2,House,-37.7909,145.0939,"[145.0939, -37.7909]"
174,183,HAWTHORN 2A Garden Street VIC 3122,50,3,2,2,House,-37.8199,145.0358,"[145.0358, -37.8199]"
175,184,BEAUMARIS 25 Spicer Street VIC 3193,1050,4,2,2,House,-37.9736,145.0164,"[145.0164, -37.9736]"
176,185,CLAYTON SOUTH 4 Main Road VIC 3169,595,3,2,2,House,-37.9431,145.106,"[145.106, -37.9431]"
177,186,RICHMOND 2 Neptune Street VIC 3121,625,2,1,1,House,-37.8271,145.0064,"[145.0064, -37.8271]"
178,187,NORTHCOTE 94 Helen Street VIC 3070,720,3,1,1,House,-37.7667,145.0,"[145.0, -37.7667]"
179,189,CLAYTON SOUTH 5 Bemboka Avenue VIC 3169,540,3,2,2,House,-37.9431,145.106,"[145.106, -37.9431]"
180,190,RICHMOND 11 Bennett Street VIC 3121,565,2,1,0,House,-37.8271,145.0064,"[145.0064, -37.8271]"
181,191,BENTLEIGH EAST 16 Neville Street VIC 3165,620,3,2,2,House,-37.9201,145.0599,"[145.0599, -37.9201]"
182,192,BRUNSWICK 52-54 Tinning Street VIC 3056,1400,7,3,0,House,-37.7667,144.9667,"[144.9667, -37.7667]"
183,194,HUGHESDALE 24 Euston Road VIC 3166,675,4,2,3,House,-37.8995,145.0811,"[145.0811, -37.8995]"
184,195,COLLINGWOOD 73 Easey Street VIC 3066,750,3,1,0,House,-37.8,144.9833,"[144.9833, -37.8]"
185,196,BRIGHTON EAST 5 Lucas Street VIC 3187,1049,3,2,2,House,-37.9014,145.0188,"[145.0188, -37.9014]"
186,197,MOOROOLBARK 33 Blackburn Road VIC 3138,485,3,1,2,House,-37.7833,145.3,"[145.3, -37.7833]"
187,198,COBURG 177 Urquhart Street VIC 3058,620,3,2,1,House,-37.75,144.9667,"[144.9667, -37.75]"
188,199,BALWYN 19 Parkdale Avenue VIC 3103,550,3,1,2,House,-37.8117,145.081,"[145.081, -37.8117]"
189,200,CRANBOURNE NORTH 6 Naila Court VIC 3977,450,4,2,2,House,-38.1375,145.2744,"[145.2744, -38.1375]"
190,201,PAKENHAM 104 Park Orchard Drive VIC 3810,450,4,2,2,House,-38.1333,145.5167,"[145.5167, -38.1333]"
191,202,PRAHRAN 42 Commercial Road VIC 3181,560,2,1,2,House,-37.846165,144.9873736,"[144.9873736, -37.846165]"
192,203,PORT MELBOURNE 329 Howe Parade VIC 3207,645,3,1,2,House,-37.8329,144.922,"[144.922, -37.8329]"
193,204,NORTHCOTE 13 Bird Avenue VIC 3070,600,2,1,2,House,-37.7667,145.0,"[145.0, -37.7667]"
194,205,BRIGHTON 55 Durrant Street VIC 3186,1200,4,2,2,House,-37.9057,145.0067,"[145.0067, -37.9057]"
195,206,TRUGANINA 37 Award Crescent VIC 3029,410,3,2,3,House,-37.8826,144.7003,"[144.7003, -37.8826]"
196,207,HIGHTON 16 Homewood Lane VIC 3216,499,3,2,2,House,-38.2335,144.3007,"[144.3007, -38.2335]"
197,208,MONT ALBERT 30 High Street VIC 3127,995,4,2,2,House,-37.8128,145.1043,"[145.1043, -37.8128]"
198,209,GLEN HUNTLY 31 Foster Ave VIC 3163,880,4,1,2,House,-37.8895,145.0581,"[145.0581, -37.8895]"
199,211,YARRAVILLE 38 Urwin Street VIC 3013,490,2,1,1,House,-37.8249,144.8708,"[144.8708, -37.8249]"
200,212,RICHMOND 4 Wells Street VIC 3121,650,3,1,0,House,-37.8271,145.0064,"[145.0064, -37.8271]"
201,213,CANTERBURY 14 Avenue Athol VIC 3126,1300,4,3,3,House,-37.8247,145.0848,"[145.0848, -37.8247]"
202,214,TOORAK 23A Bruce Street VIC 3142,1850,3,3,2,House,-37.8416,145.0177,"[145.0177, -37.8416]"
203,215,MONT ALBERT 7 Agnes Street VIC 3127,900,4,2,2,House,-37.8128,145.1043,"[145.1043, -37.8128]"
204,216,BALNARRING BEACH 11 Hansens Lane VIC 3926,1995,4,4,2,House,-38.3533,145.1114,"[145.1114, -38.3533]"
205,217,TOORAK 16 Glyndebourne Avenue VIC 3142,850,2,1,1,House,-37.8416,145.0177,"[145.0177, -37.8416]"
206,218,BRUNSWICK 4 McPherson Street VIC 3056,750,3,2,0,House,-37.7667,144.9667,"[144.9667, -37.7667]"
207,219,PRAHRAN 40 Kelvin Grove VIC 3181,815,3,1,2,House,-37.853,144.9929,"[144.9929, -37.853]"
208,220,UPWEY 48 Thompson Road VIC 3158,660,4,2,2,House,-37.9,145.3333,"[145.3333, -37.9]"
209,221,ABBOTSFORD 48 Yarra Street VIC 3067,900,3,2,2,House,-37.8046,144.9998,"[144.9998, -37.8046]"
210,222,PORT MELBOURNE 31 Garton Street VIC 3207,675,2,1,0,House,-37.8329,144.922,"[144.922, -37.8329]"
211,223,PORT MELBOURNE 114 Clark Street VIC 3207,890,4,1,1,House,-37.8329,144.922,"[144.922, -37.8329]"
212,225,KEYSBOROUGH 36 Beau Vorno Avenue VIC 3173,570,4,2,2,House,-37.9912,145.1739,"[145.1739, -37.9912]"
213,226,CARLTON 27 Elgin Street VIC 3053,585,2,1,1,House,-37.8004,144.9684,"[144.9684, -37.8004]"
214,227,EAST MELBOURNE 12 Vale Street VIC 3002,1150,4,2,0,House,-37.8167,144.9879,"[144.9879, -37.8167]"
215,228,ASHBURTON 12 Carool Road VIC 3147,550,2,1,1,House,-37.8626,145.0794,"[145.0794, -37.8626]"
216,230,SURREY HILLS 65 Broughton Road VIC 3127,550,3,1,1,House,-37.8128,145.1043,"[145.1043, -37.8128]"
217,231,BENTLEIGH EAST 46B Wingate Street VIC 3165,825,3,2,2,House,-37.9201,145.0599,"[145.0599, -37.9201]"
218,232,BRUNSWICK 198 Barkly St VIC 3056,950,3,2,1,House,-37.7667,144.9667,"[144.9667, -37.7667]"
219,233,CLYDE NORTH 7 Gillyweed Avenue VIC 3978,470,4,2,2,House,-38.1333,145.3333,"[145.3333, -38.1333]"
220,234,HAMPTON 11B Olive St VIC 3188,1500,4,2,2,House,-37.9374,145.0151,"[145.0151, -37.9374]"
221,235,BRIGHTON EAST 54 Marriage Road VIC 3187,820,4,3,2,House,-37.9014,145.0188,"[145.0188, -37.9014]"
222,236,BRIGHTON 153 South Road VIC 3186,850,3,1,1,House,-37.9057,145.0067,"[145.0067, -37.9057]"
223,237,BRIGHTON 5 Airlie Street VIC 3186,1200,3,2,1,House,-37.9057,145.0067,"[145.0067, -37.9057]"
224,238,PRAHRAN 24 Spring Street VIC 3181,610,2,1,0,House,-37.853,144.9929,"[144.9929, -37.853]"
225,239,ASHWOOD 7 Reid Street VIC 3147,625,3,2,3,House,-37.8626,145.0794,"[145.0794, -37.8626]"
226,240,MALVERN 63 McArthur Street VIC 3144,580,2,1,2,House,-37.8512,145.0317,"[145.0317, -37.8512]"
227,241,HAWTHORN EAST 26 Victoria Grove VIC 3123,995,3,2,2,House,-37.8248,145.0464,"[145.0464, -37.8248]"
228,242,COLLINGWOOD 98 Johnston St VIC 3066,1150,3,1,0,House,-37.8,144.9833,"[144.9833, -37.8]"
229,243,RICHMOND 2 Appleton Street VIC 3121,625,3,1,0,House,-37.8271,145.0064,"[145.0064, -37.8271]"
230,244,GLEN IRIS 47 Somerset Road VIC 3146,895,3,2,2,House,-37.8599,145.0549,"[145.0549, -37.8599]"
231,245,FAIRFIELD 28 Gillies Street VIC 3078,750,2,1,1,House,-37.7829,145.0226,"[145.0226, -37.7829]"
232,246,ST KILDA EAST 7 Alexandra Street VIC 3183,850,3,1,0,House,-37.8692,144.9977,"[144.9977, -37.8692]"
233,247,CAULFIELD 10 Urandaline Grove VIC 3162,900,4,2,2,House,-37.8914,145.0254,"[145.0254, -37.8914]"
234,249,BEVERIDGE 5 Hillcrest Road VIC 3753,420,4,2,2,House,-37.4833,144.9833,"[144.9833, -37.4833]"
235,250,GLEN IRIS 1 Lillian Street VIC 3146,1080,4,2,2,House,-37.8599,145.0549,"[145.0549, -37.8599]"
236,251,PRAHRAN 2/16 Green Street VIC 3181,740,3,2,0,House,-37.853,144.9929,"[144.9929, -37.853]"
237,253,BURWOOD EAST 20 Ellesmere Road VIC 3151,450,3,2,0,House,-37.8535,145.1503,"[145.1503, -37.8535]"
238,254,BRIGHTON EAST 33 Landcox Street VIC 3187,1150,4,3,2,House,-37.9014,145.0188,"[145.0188, -37.9014]"
239,256,CAULFIELD NORTH 24 Orrong Crescent VIC 3161,950,4,3,2,House,-37.0,145.0,"[145.0, -37.0]"
240,257,ARMADALE 33 Barkly Ave VIC 3143,1100,3,2,0,House,-37.85,145.0333,"[145.0333, -37.85]"
241,258,BRIGHTON EAST 2A Granter Street VIC 3187,525,2,1,1,House,-37.9014,145.0188,"[145.0188, -37.9014]"
242,259,BENTLEIGH EAST 872 Centre Road VIC 3165,750,3,2,4,House,-37.9201,145.0599,"[145.0599, -37.9201]"
243,261,RICHMOND 121 Lord Street VIC 3121,950,3,2,2,House,-37.8271,145.0064,"[145.0064, -37.8271]"
244,262,ELWOOD 18 Kingsley St VIC 3184,630,2,1,2,House,-37.8809,144.9855,"[144.9855, -37.8809]"
245,263,PRAHRAN 6/10 Lalbert Crescent VIC 3181,1100,3,2,2,House,-37.853,144.9929,"[144.9929, -37.853]"
246,264,DONCASTER EAST 34 Bellevue Avenue VIC 3109,695,4,2,2,House,-37.7795,145.1638,"[145.1638, -37.7795]"
247,265,THORNBURY 23 Clyde Street VIC 3071,780,4,1,1,House,-37.7583,145.0051,"[145.0051, -37.7583]"
248,266,TOORAK 21 Iona Avenue VIC 3142,2500,4,2,2,House,-37.8416,145.0177,"[145.0177, -37.8416]"
249,267,YARRAVILLE 65 Francis Street VIC 3013,550,2,1,1,House,-37.8249,144.8708,"[144.8708, -37.8249]"
250,268,RINGWOOD 16 Lilian Parade VIC 3134,540,3,1,1,House,-37.7667,145.25,"[145.25, -37.7667]"
251,269,ELTHAM 23 Frank Street VIC 3095,500,4,1,2,House,-37.7333,145.15,"[145.15, -37.7333]"
252,270,GLEN WAVERLEY 2 Burramine Road VIC 3150,880,5,2,2,House,-37.8841132,145.1711329,"[145.1711329, -37.8841132]"
253,271,RICHMOND 6 Fordham Court VIC 3121,460,2,1,1,House,-37.8271,145.0064,"[145.0064, -37.8271]"
254,272,WEST MELBOURNE 603 Spencer Street VIC 3003,525,2,1,1,House,-37.8101,144.95,"[144.95, -37.8101]"
255,273,MALVERN EAST 748 Warrigal Road VIC 3145,470,3,1,4,House,-37.874,145.0425,"[145.0425, -37.874]"
256,274,CAULFIELD SOUTH 26 Lygon Street VIC 3162,450,2,1,3,House,-37.8914,145.0254,"[145.0254, -37.8914]"
257,275,TOORAK 4 Nareeb Court VIC 3142,1200,5,3,3,House,-37.8416,145.0177,"[145.0177, -37.8416]"
258,276,BROOKFIELD 76 Manooka Road VIC 3338,400,4,2,2,House,-37.7077,144.5749,"[144.5749, -37.7077]"
259,277,CROYDON 11 Maggs Street VIC 3136,450,3,1,2,House,-37.7744,145.2756,"[145.2756, -37.7744]"
260,278,SEAFORD 93 Kirkwood Avenue VIC 3198,550,3,1,3,House,-38.1049,145.1382,"[145.1382, -38.1049]"
261,279,BENTLEIGH EAST 26a Bonny Street VIC 3165,1300,4,3,2,House,-37.9201,145.0599,"[145.0599, -37.9201]"
262,280,MORNINGTON 4 Lucerne Avenue VIC 3931,640,3,2,2,House,-38.2167,145.0333,"[145.0333, -38.2167]"
263,282,WILLIAMSTOWN 10 Gellibrand Street VIC 3016,530,3,1,0,House,-37.857,144.8977,"[144.8977, -37.857]"
264,283,PORTSEA 3764 Point Nepean Road VIC 3944,1100,3,2,2,House,-38.3167,144.7167,"[144.7167, -38.3167]"
265,284,ARMADALE 1 Watson Street VIC 3143,500,2,1,0,House,-37.85,145.0333,"[145.0333, -37.85]"
266,285,WODONGA 92 Wilson Street VIC 3690,390,3,1,0,House,-36.0997,146.802,"[146.802, -36.0997]"
267,286,HIGHETT 31A Tweed St VIC 3190,740,3,2,2,House,-37.9517,145.0394,"[145.0394, -37.9517]"
268,287,CAIRNLEA 403/118 Cairnlea Drive VIC 3023,390,2,2,1,House,-37.7541,144.7651,"[144.7651, -37.7541]"
269,288,BURWOOD 29 Loudon Road VIC 3125,525,2,1,0,House,-37.8498,145.119,"[145.119, -37.8498]"
270,289,RICHMOND 94 Coppin Street VIC 3121,650,2,1,1,House,-37.8271,145.0064,"[145.0064, -37.8271]"
271,290,WINDSOR 53 Duke Street VIC 3181,520,2,1,0,House,-37.853,144.9929,"[144.9929, -37.853]"
272,291,BALWYN NORTH 3 Ajana Street VIC 3104,1150,4,2,2,House,-37.7909,145.0939,"[145.0939, -37.7909]"
273,292,TOORAK 24 Montalto Avenue VIC 3142,2500,4,3,3,House,-37.8416,145.0177,"[145.0177, -37.8416]"
274,293,ST KILDA EAST 29 Godfrey Avenue VIC 3183,780,3,1,0,House,-37.8692,144.9977,"[144.9977, -37.8692]"
275,294,BENTLEIGH EAST 18 Latham Street VIC 3165,860,4,3,1,House,-37.9201,145.0599,"[145.0599, -37.9201]"
276,295,SOUTH YARRA 12 MacFarlan Street VIC 3141,625,2,1,0,House,-37.8333,144.9833,"[144.9833, -37.8333]"
277,296,TOORAK 10 Ormsby Grove VIC 3142,1450,2,2,4,House,-37.8416,145.0177,"[145.0177, -37.8416]"
278,297,BRIGHTON EAST 700 Hawthorn Road VIC 3187,590,3,1,1,House,-37.9014,145.0188,"[145.0188, -37.9014]"
279,298,RICHMOND 11 Shelley Street VIC 3121,450,2,1,0,House,-37.8271,145.0064,"[145.0064, -37.8271]"
280,299,COLLINGWOOD 10 Bendigo Street VIC 3066,630,3,1,1,House,-37.8,144.9833,"[144.9833, -37.8]"
281,300,ALTONA NORTH 11 Carthy Street VIC 3025,460,3,1,2,House,-37.8349,144.8474,"[144.8474, -37.8349]"
282,301,RICHMOND 26 Buckingham Street VIC 3121,625,2,2,1,House,-37.8271,145.0064,"[145.0064, -37.8271]"
283,302,THORNBURY 140A Collins Street VIC 3071,630,3,2,1,House,-37.7583,145.0051,"[145.0051, -37.7583]"
284,303,TALLANGATTA 201 Yabba Road VIC 3700,470,3,1,2,House,-37.0,145.0,"[145.0, -37.0]"
285,304,BRUNSWICK 43A Thistle Street VIC 3056,560,2,2,1,House,-37.7667,144.9667,"[144.9667, -37.7667]"
286,305,NORTH MELBOURNE 647 Queensberry Street VIC 3051,480,2,1,0,House,-37.8029,144.9482,"[144.9482, -37.8029]"
287,306,CARLTON 3 Chummie Place VIC 3053,875,4,2,1,House,-37.8004,144.9684,"[144.9684, -37.8004]"
288,307,CAULFIELD SOUTH 14 Sussex Road VIC 3162,595,2,1,2,House,-37.8914,145.0254,"[145.0254, -37.8914]"
289,308,WODONGA 18 STANGER COURT VIC 3690,450,3,2,2,House,-36.0997,146.802,"[146.802, -36.0997]"
290,309,BRUNSWICK WEST 715/5 Olive York Way VIC 3055,430,2,1,1,House,-37.7603,144.9502,"[144.9502, -37.7603]"
291,310,CAULFIELD SOUTH 1 Rotorua Street VIC 3162,700,2,1,2,House,-37.0,145.0,"[145.0, -37.0]"
292,312,PASCOE VALE 543 Pascoe Vale Road VIC 3044,410,3,1,2,House,-37.7319,144.9381,"[144.9381, -37.7319]"
293,313,MONT ALBERT NORTH 70 Melrose Street VIC 3129,680,3,2,2,House,-37.8004,145.1083,"[145.1083, -37.8004]"
294,314,OAKLEIGH 11 Patrick Street VIC 3166,480,3,1,2,House,-37.8995,145.0811,"[145.0811, -37.8995]"
295,315,BRIGHTON 26 Budd Street VIC 3186,795,3,1,1,House,-37.9057,145.0067,"[145.0067, -37.9057]"
296,316,BELMONT 4 Sullivan Court VIC 3216,470,3,1,4,House,-38.2335,144.3007,"[144.3007, -38.2335]"
297,317,LALOR 24 Gratwick Street VIC 3075,500,5,2,3,House,-37.6667,145.0167,"[145.0167, -37.6667]"
298,318,NORTH MELBOURNE 134 Capel Street VIC 3051,525,3,1,0,House,-37.8029,144.9482,"[144.9482, -37.8029]"
299,319,ELSTERNWICK 10 Elm Street VIC 3185,760,2,1,1,House,-37.8984,145.0088,"[145.0088, -37.8984]"
300,320,WEIR VIEWS 36 Skypac Street VIC 3338,410,4,2,2,House,-37.7077,144.5749,"[144.5749, -37.7077]"
301,321,STRATHTULLOH 14 Trafalgar Street VIC 3338,400,4,2,2,House,-37.7077,144.5749,"[144.5749, -37.7077]"
302,322,BRUNSWICK WEST 50 Burnell Street VIC 3055,700,4,1,0,House,-37.7603,144.9502,"[144.9502, -37.7603]"
303,323,PARK ORCHARDS 130 Corriedale Crescent VIC 3114,650,3,1,2,House,-37.7769,145.2146,"[145.2146, -37.7769]"
304,324,ARMADALE 21 Valentine Grove VIC 3143,1150,3,1,1,House,-37.85,145.0333,"[145.0333, -37.85]"
305,325,CARNEGIE 112 Koornang Road VIC 3163,370,2,1,1,House,-37.8895,145.0581,"[145.0581, -37.8895]"
306,326,HIGHETT 13 Middleton Street VIC 3190,600,3,1,6,House,-37.9517,145.0394,"[145.0394, -37.9517]"
307,327,MALVERN 7 Haverbrack Avenue VIC 3144,3500,5,4,2,House,-37.8512,145.0317,"[145.0317, -37.8512]"
308,328,BENTLEIGH EAST 21 Blamey Street VIC 3165,625,4,2,4,House,-37.9201,145.0599,"[145.0599, -37.9201]"
309,329,WINDSOR 58 Peel Street VIC 3181,575,2,1,0,House,-37.853,144.9929,"[144.9929, -37.853]"
310,330,BRIGHTON EAST 24 Studley Road VIC 3187,995,4,3,4,House,-37.9014,145.0188,"[145.0188, -37.9014]"
311,331,HAWTHORN 408 Auburn Road VIC 3122,830,3,2,2,House,-37.8199,145.0358,"[145.0358, -37.8199]"
312,332,DONCASTER 8 Glenda Street VIC 3108,600,4,1,2,House,-37.7883,145.1237,"[145.1237, -37.7883]"
313,333,CHADSTONE 10 Evans Street VIC 3148,420,3,2,5,House,-37.8833,145.1167,"[145.1167, -37.8833]"
314,334,MALVERN EAST 64 Argyll Street VIC 3145,450,4,1,2,House,-37.874,145.0425,"[145.0425, -37.874]"
315,335,MOUNT WAVERLEY 2 Sunnyside Road VIC 3149,450,3,1,0,House,-37.8771,145.1294,"[145.1294, -37.8771]"
316,336,BRIGHTON 478 New Street VIC 3186,2200,5,3,2,House,-37.9057,145.0067,"[145.0067, -37.9057]"
317,337,GROVEDALE 11 Camira Court VIC 3216,400,3,1,1,House,-38.2335,144.3007,"[144.3007, -38.2335]"
318,338,MONT ALBERT 52 Victoria Crescent VIC 3127,1500,4,3,2,House,-37.8128,145.1043,"[145.1043, -37.8128]"
319,339,KEW EAST 46 Munro Street VIC 3102,540,3,2,1,House,-37.7976,145.0538,"[145.0538, -37.7976]"
320,340,KEW 1 Molesworth Street VIC 3101,3500,6,6,8,House,-37.8064,145.0309,"[145.0309, -37.8064]"
321,341,BEAUMARIS 28b Hornby Street VIC 3193,1100,5,2,4,House,-37.9736,145.0164,"[145.0164, -37.9736]"
322,342,PRAHRAN 49 Highbury Grove VIC 3181,1100,3,2,1,House,-37.853,144.9929,"[144.9929, -37.853]"
323,343,MALVERN EAST 126 Darling Road VIC 3145,600,2,1,1,House,-37.874,145.0425,"[145.0425, -37.874]"
324,345,BEAUMARIS 4 Waratah Avenue VIC 3193,600,3,1,3,House,-37.9736,145.0164,"[145.0164, -37.9736]"
325,346,GLEN IRIS 24 Gardiner Parade VIC 3146,1550,5,2,2,House,-37.8599,145.0549,"[145.0549, -37.8599]"
326,347,ST KILDA EAST 25 Holroyd Avenue VIC 3183,1650,5,2,4,House,-37.8692,144.9977,"[144.9977, -37.8692]"
327,348,HAMPTON 8 Gillies St VIC 3188,780,3,1,2,House,-37.9374,145.0151,"[145.0151, -37.9374]"
328,349,CLIFTON HILL 42 O'Grady Street VIC 3068,975,3,1,0,House,-37.7865,144.9897,"[144.9897, -37.7865]"
329,350,FITZROY NORTH 30 Woodside Street VIC 3068,750,2,1,0,House,-37.7865,144.9897,"[144.9897, -37.7865]"
330,351,SANDRINGHAM 34 Victoria Street VIC 3191,1290,3,2,2,House,-37.95,145.0,"[145.0, -37.95]"
331,352,DEANSIDE 19 Amreli St VIC 3336,440,4,2,2,House,-37.0,145.0,"[145.0, -37.0]"
332,353,ABBOTSFORD 270 Langridge Street VIC 3067,470,1,1,0,House,-37.8046,144.9998,"[144.9998, -37.8046]"
333,354,WINDSOR 1 David Lane VIC 3181,1400,4,2,1,House,-37.853,144.9929,"[144.9929, -37.853]"
334,355,HAWTHORN EAST 2 Airedale Avenue VIC 3123,1800,4,2,4,House,-37.8248,145.0464,"[145.0464, -37.8248]"
335,356,BRIGHTON 16 Nepean Highway VIC 3186,910,5,5,4,House,-37.9057,145.0067,"[145.0067, -37.9057]"
336,357,MALVERN EAST 416/803 Dandenong Road VIC 3145,500,2,2,1,House,-37.874,145.0425,"[145.0425, -37.874]"
337,358,BRIGHTON 8 Champion Street VIC 3186,2100,5,3,4,House,-37.9057,145.0067,"[145.0067, -37.9057]"
338,359,WATSONIA 48 Frensham Road VIC 3087,450,3,1,2,House,-37.7104,145.0836,"[145.0836, -37.7104]"
339,360,NORTHCOTE 334A Separation Street VIC 3070,680,3,2,2,House,-37.7667,145.0,"[145.0, -37.7667]"
340,361,NORTHCOTE 27 Hawthorn Road VIC 3070,1050,4,1,0,House,-37.7667,145.0,"[145.0, -37.7667]"
341,362,MALVERN EAST 5 James Parade VIC 3145,620,3,1,2,House,-37.874,145.0425,"[145.0425, -37.874]"
342,363,DANDENONG NORTH 1559 Heatherton Road VIC 3175,380,3,1,2,House,-37.9833,145.2,"[145.2, -37.9833]"
343,365,NORTH MELBOURNE 207/720 Queensberry Street VIC 3051,565,2,1,1,House,-37.8029,144.9482,"[144.9482, -37.8029]"
344,366,KEW 9 Derby Street VIC 3101,1050,3,2,2,House,-37.8064,145.0309,"[145.0309, -37.8064]"
345,367,POINT COOK 25 Living Cres VIC 3030,20,4,2,2,House,-37.8887,144.726,"[144.726, -37.8887]"
346,368,BEAUMARIS 11-13 Tibbles Street VIC 3193,895,4,2,2,House,-37.9722929,145.0357674,"[145.0357674, -37.9722929]"
347,369,FITZROY NORTH 108 Best Street VIC 3068,1300,4,3,2,House,-37.7865,144.9897,"[144.9897, -37.7865]"
348,370,WINDSOR 24 Union Street VIC 3181,800,3,1,0,House,-37.853,144.9929,"[144.9929, -37.853]"
349,371,BRIGHTON 2/361 St Kilda St VIC 3186,1100,3,2,2,House,-37.9057,145.0067,"[145.0067, -37.9057]"
350,372,OAKLEIGH EAST 1 Shafton Street VIC 3166,440,3,1,2,House,-37.8995,145.0811,"[145.0811, -37.8995]"
351,373,BROOKFIELD 34 Faircroft Drive VIC 3338,410,4,2,2,House,-37.7077,144.5749,"[144.5749, -37.7077]"
352,374,OAKLEIGH SOUTH 10 Peter Street VIC 3167,490,3,1,2,House,-37.927,145.0964,"[145.0964, -37.927]"
353,375,CLAYTON 1/2 Mary Street VIC 3168,360,2,1,1,House,-37.9167,145.1333,"[145.1333, -37.9167]"
354,376,GLEN IRIS 54 Liston Street VIC 3146,595,4,2,4,House,-37.8599,145.0549,"[145.0549, -37.8599]"
355,377,BRIGHTON 42 Dendy Street VIC 3186,2600,4,3,2,House,-37.9057,145.0067,"[145.0067, -37.9057]"
356,378,MOUNT WAVERLEY 20 Heany Street VIC 3149,480,3,1,4,House,-37.8771,145.1294,"[145.1294, -37.8771]"
357,379,CLAYTON 14 Cantala Street VIC 3168,390,3,1,4,House,-37.9167,145.1333,"[145.1333, -37.9167]"
358,380,BRIGHTON 133 North Road VIC 3186,2500,4,2,3,House,-37.9057,145.0067,"[145.0067, -37.9057]"
359,381,CHADSTONE 2 Cole Crescent VIC 3148,570,3,1,4,House,-37.8833,145.1167,"[145.1167, -37.8833]"
360,382,CHADSTONE 8 Railway Parade South VIC 3148,385,2,1,1,House,-37.8833,145.1167,"[145.1167, -37.8833]"
361,383,BENTLEIGH EAST 11 Larman Street VIC 3165,510,4,1,1,House,-37.9201,145.0599,"[145.0599, -37.9201]"
362,384,CAMBERWELL 7 Cooloongatta Road VIC 3124,650,2,1,3,House,-37.8248,145.0705,"[145.0705, -37.8248]"
363,385,HUGHESDALE 10 Swindon Road VIC 3166,650,4,2,2,House,-37.8995,145.0811,"[145.0811, -37.8995]"
364,386,PATTERSON LAKES 24 Wetland Drive VIC 3197,795,4,2,4,House,-38.0833,145.1333,"[145.1333, -38.0833]"
365,387,BRUNSWICK 93 Davies Street VIC 3056,495,2,2,0,House,-37.7667,144.9667,"[144.9667, -37.7667]"
366,388,CLAYTON 68 Margaret Street VIC 3168,500,3,1,3,House,-37.9167,145.1333,"[145.1333, -37.9167]"
367,389,CLAYTON 17 Evelyn Street VIC 3168,495,3,1,3,House,-37.9167,145.1333,"[145.1333, -37.9167]"
368,391,NEWPORT 201 Mason Street VIC 3015,520,3,1,1,House,-37.8302,144.8709,"[144.8709, -37.8302]"
369,392,WEST MELBOURNE 29 Ireland Street VIC 3003,1200,3,2,1,House,-37.8101,144.95,"[144.95, -37.8101]"
370,393,MULGRAVE 77 Wanda Street VIC 3170,500,3,1,3,House,-37.9167,145.2,"[145.2, -37.9167]"
371,394,INDIGO VALLEY 846 Indigo Creek Road VIC 3688,650,5,3,3,House,-36.1333,146.5333,"[146.5333, -36.1333]"
372,395,OAKLEIGH 12A Palmer Street VIC 3166,510,2,1,1,House,-37.8995,145.0811,"[145.0811, -37.8995]"
373,396,SOUTH YARRA 10 Marne Street VIC 3141,1000,4,2,2,House,-37.8333,144.9833,"[144.9833, -37.8333]"
374,397,NOTTING HILL 14 Hunsford Road VIC 3168,450,3,1,3,House,-37.9167,145.1333,"[145.1333, -37.9167]"
375,400,MOUNT PLEASANT 246 Elsworth Street VIC 3350,410,4,2,2,House,-37.5292,143.8591,"[143.8591, -37.5292]"
376,401,WODONGA 2 Parkland Drive VIC 3690,580,3,2,2,House,-36.0997,146.802,"[146.802, -36.0997]"
377,402,WODONGA 40 Elm Street VIC 3690,375,3,1,2,House,-36.0997,146.802,"[146.802, -36.0997]"
378,404,WODONGA 3 Coulston Street VIC 3690,540,4,2,2,House,-36.0997,146.802,"[146.802, -36.0997]"
379,406,BRUNSWICK 19 Latrobe Street VIC 3056,595,2,1,1,House,-37.7667,144.9667,"[144.9667, -37.7667]"
380,407,ESSENDON 34A Brewster Street VIC 3040,1400,4,3,2,House,-37.7538,144.8883,"[144.8883, -37.7538]"
381,408,CARLTON 70 Palmerston Street VIC 3053,550,2,1,0,House,-37.8004,144.9684,"[144.9684, -37.8004]"
382,409,CLYDE NORTH 6 Woolly Parade VIC 3978,600,4,2,2,House,-38.1333,145.3333,"[145.3333, -38.1333]"
383,410,WODONGA 1 Hill Street VIC 3690,405,3,1,2,House,-36.0997,146.802,"[146.802, -36.0997]"
384,411,ALFREDTON 8 Armagh Street VIC 3350,480,4,2,2,House,-37.5292,143.8591,"[143.8591, -37.5292]"
385,412,CARLTON 119-121 Palmerston Street VIC 3053,2600,4,3,1,House,-37.8004,144.9684,"[144.9684, -37.8004]"
386,413,FERNTREE GULLY 19 Bowen Street VIC 3156,350,2,1,0,House,-37.909,145.2977,"[145.2977, -37.909]"
387,414,BORONIA 2 McDonald Crescent VIC 3155,400,3,1,1,House,-37.8667,145.2833,"[145.2833, -37.8667]"
388,415,WANTIRNA SOUTH 81 Wallace Road VIC 3152,440,3,2,2,House,-37.8821128,145.2423314,"[145.2423314, -37.8821128]"
389,417,MORDIALLOC 3 Crown Avenue VIC 3195,580,3,1,1,House,-37.9995,145.1163,"[145.1163, -37.9995]"
390,418,WERRIBEE 66 Powlett Street VIC 3030,400,4,2,2,House,-37.8887,144.726,"[144.726, -37.8887]"
391,419,NORTH MELBOURNE 455 Dryburgh Street VIC 3051,650,3,1,1,House,-37.8029,144.9482,"[144.9482, -37.8029]"
392,420,BEECHWORTH 12 Thompson Street VIC 3747,380,3,2,1,House,-36.3416,146.7067,"[146.7067, -36.3416]"
393,421,PRAHRAN 1/1 Williams Road VIC 3181,560,2,2,1,House,-37.853,144.9929,"[144.9929, -37.853]"
394,422,WODONGA 276 Beechworth Road VIC 3690,500,3,1,4,House,-36.0997,146.802,"[146.802, -36.0997]"
395,423,ELWOOD 72 Foam Street VIC 3184,850,3,2,1,House,-37.8809,144.9855,"[144.9855, -37.8809]"
396,424,WODONGA 18 Marie Drive VIC 3690,440,3,1,2,House,-36.0997,146.802,"[146.802, -36.0997]"
397,426,SEDDON 8 Browning Street VIC 3011,550,2,1,1,House,-37.7995,144.8963,"[144.8963, -37.7995]"
398,427,BOX HILL SOUTH 22 Piedmont Street VIC 3128,380,2,1,2,House,-37.8256,145.1232,"[145.1232, -37.8256]"
399,428,ROWVILLE 1 Augusta Court VIC 3178,510,3,2,2,House,-37.9333,145.2333,"[145.2333, -37.9333]"
400,430,FERNTREE GULLY 34 McIver Street VIC 3156,470,3,1,3,House,-37.909,145.2977,"[145.2977, -37.909]"
401,432,MORDIALLOC 19 Reys Close VIC 3195,1100,5,3,2,House,-37.9995,145.1163,"[145.1163, -37.9995]"
402,433,MORDIALLOC 4 Hyland Street VIC 3195,780,4,2,2,House,-37.9995,145.1163,"[145.1163, -37.9995]"
403,434,MOORABBIN 26 Franklin Street VIC 3189,590,3,1,1,House,-37.9415,145.0578,"[145.0578, -37.9415]"
404,435,MOORABBIN 19 Central Ave VIC 3189,525,3,1,2,House,-37.9415,145.0578,"[145.0578, -37.9415]"
405,436,HAMPTON 1 Bronte Court VIC 3188,3000,4,4,2,House,-37.9374,145.0151,"[145.0151, -37.9374]"
406,437,WODONGA 1/27 Leonard Street VIC 3690,430,3,1,3,House,-36.0997,146.802,"[146.802, -36.0997]"
407,439,TRENTHAM 9 Albert Street VIC 3458,430,2,1,0,House,-37.3888,144.3216,"[144.3216, -37.3888]"
408,440,WERRIBEE 1/12 Silver Street VIC 3030,350,3,2,1,House,-37.8887,144.726,"[144.726, -37.8887]"
409,441,PAKENHAM 7 Tyalla Way VIC 3810,420,3,2,1,House,-38.1333,145.5167,"[145.5167, -38.1333]"
410,442,MERNDA 14 Coliban Drive VIC 3754,540,4,2,2,House,-37.6,145.15,"[145.15, -37.6]"
411,443,SUNBURY 12 Magdalene Court VIC 3429,475,4,2,2,House,-37.5774,144.7261,"[144.7261, -37.5774]"
412,444,DOREEN 31 Towerhill Avenue VIC 3754,625,4,2,2,House,-37.6,145.15,"[145.15, -37.6]"
413,445,HOPPERS CROSSING 108 Sycamore Street VIC 3029,500,4,2,2,House,-37.8826,144.7003,"[144.7003, -37.8826]"
414,446,DEER PARK 60 Hatchlands Drive VIC 3023,380,3,2,2,House,-37.7541,144.7651,"[144.7651, -37.7541]"
415,447,VERMONT SOUTH 19 Barradine Crescent VIC 3133,420,3,1,2,House,-37.8362,145.1943,"[145.1943, -37.8362]"
416,448,FLEMINGTON 143 Victoria Street VIC 3031,580,3,1,1,House,-37.7899,144.9226,"[144.9226, -37.7899]"
417,449,THORNBURY 56 Mansfield Street VIC 3071,570,2,1,4,House,-37.7583,145.0051,"[145.0051, -37.7583]"
418,450,PRESTON 17 St Georges Road VIC 3072,595,2,1,4,House,-37.75,145.0167,"[145.0167, -37.75]"
419,451,MERNDA 20 Georgia Drive VIC 3754,395,3,2,1,House,-37.6,145.15,"[145.15, -37.6]"
420,452,OAK PARK 1/16 Curie Avenue VIC 3046,500,3,1,2,House,-37.7,144.9333,"[144.9333, -37.7]"
421,453,CRANBOURNE WEST 2 Creekview Way VIC 3977,500,4,2,2,House,-38.1375,145.2744,"[145.2744, -38.1375]"
422,454,CRANBOURNE NORTH 11 Ottelia Street VIC 3977,570,4,2,2,House,-38.1375,145.2744,"[145.2744, -38.1375]"
423,455,MEADOW HEIGHTS 65 Bicentennial Crescent VIC 3048,410,3,2,2,House,-37.6512,144.9186,"[144.9186, -37.6512]"
424,456,WILLIAMSTOWN 86 John Street VIC 3016,800,3,2,0,House,-37.857,144.8977,"[144.8977, -37.857]"
425,457,MENTONE 3 Avenza Street VIC 3194,750,3,1,3,House,-37.9833,145.0667,"[145.0667, -37.9833]"
426,458,HAMPTON EAST 49 Charming Street VIC 3188,590,3,1,2,House,-37.9374,145.0151,"[145.0151, -37.9374]"
427,459,WANTIRNA 8 Amersham Drive VIC 3152,750,4,2,2,House,-37.85,145.2167,"[145.2167, -37.85]"
428,460,PAKENHAM 1 Manna Gum Drive VIC 3810,480,4,2,2,House,-38.1333,145.5167,"[145.5167, -38.1333]"
429,461,CRANBOURNE 5 Woodright Circuit VIC 3977,410,3,2,2,House,-38.1375,145.2744,"[145.2744, -38.1375]"
430,462,HAMPTON 36 Ludstone Street VIC 3188,995,4,2,2,House,-37.9374,145.0151,"[145.0151, -37.9374]"
431,463,DERRIMUT 5 Lawn Hill Avenue VIC 3026,500,4,2,2,House,-37.8259,144.6886,"[144.6886, -37.8259]"
432,464,DARLEY 4 Davies Street VIC 3340,55,3,1,0,House,-37.7199,144.3727,"[144.3727, -37.7199]"
433,465,FERNTREE GULLY 12 Ketwick Court VIC 3156,450,4,1,2,House,-37.909,145.2977,"[145.2977, -37.909]"
434,466,SUNBURY 2 Sweep Court VIC 3429,500,4,2,2,House,-37.5774,144.7261,"[144.7261, -37.5774]"
435,467,SOUTH YARRA 19 Commercial Road VIC 3141,800,4,1,2,House,-37.8333,144.9833,"[144.9833, -37.8333]"
436,468,BERWICK 34 Marlborough Road VIC 3806,525,3,2,2,House,-38.0,145.35,"[145.35, -38.0]"
437,469,STRATHMORE 59 Hillsyde Parade VIC 3041,550,3,1,2,House,-37.7133,144.8969,"[144.8969, -37.7133]"
438,470,FRANKSTON NORTH 11 Burdette Street VIC 3200,390,3,1,2,House,-38.1213,145.1552,"[145.1552, -38.1213]"
439,472,LYNBROOK 33 Harris Street VIC 3975,450,3,2,2,House,-38.0559,145.2562,"[145.2562, -38.0559]"
440,473,PAKENHAM 5 Earhart Street VIC 3810,465,4,2,2,House,-38.1333,145.5167,"[145.5167, -38.1333]"
441,474,WYNDHAM VALE 22 Pillar Road VIC 3024,450,4,2,2,House,-37.8291,144.5622,"[144.5622, -37.8291]"
442,475,LAVERTON A/124 Bladin Street VIC 3028,390,3,2,5,House,-37.8809,144.7587,"[144.7587, -37.8809]"
443,476,WILLIAMS LANDING 205/38 Clark Street VIC 3027,360,1,1,0,House,-37.7963,144.7565,"[144.7565, -37.7963]"
444,477,DERRIMUT 21 Fernhurst Avenue VIC 3026,400,3,2,2,House,-37.8259,144.6886,"[144.6886, -37.8259]"
445,478,KINGS PARK 417 Taylors Road VIC 3021,360,3,1,3,House,-37.7371,144.8283,"[144.8283, -37.7371]"
446,479,WILLIAMSTOWN 168 Douglas Parade VIC 3016,630,3,1,2,House,-37.857,144.8977,"[144.8977, -37.857]"
447,480,WILLIAMSTOWN 123 Hanmer Street VIC 3016,650,2,1,0,House,-37.857,144.8977,"[144.8977, -37.857]"
448,481,GLEN IRIS 32B Vears Road VIC 3146,780,3,2,2,House,-37.8599,145.0549,"[145.0549, -37.8599]"
449,482,SPRINGVALE 22 Ann Street VIC 3171,420,4,1,1,House,-37.9457,145.1581,"[145.1581, -37.9457]"
450,483,CHELTENHAM 37 Wallingford Street VIC 3192,680,4,2,4,House,-37.9694,145.0481,"[145.0481, -37.9694]"
451,484,PAKENHAM 26 Lisa Avenue VIC 3810,500,4,2,2,House,-38.1333,145.5167,"[145.5167, -38.1333]"
452,485,HOPPERS CROSSING 5 Reserve Road VIC 3029,460,4,2,2,House,-37.8689821,144.7056055,"[144.7056055, -37.8689821]"
453,486,WERRIBEE 20 Gosfield Drive VIC 3030,360,3,2,1,House,-37.8887,144.726,"[144.726, -37.8887]"
454,488,SPRINGVALE 2/61 St Johns Avenue VIC 3171,620,4,3,2,House,-37.9457,145.1581,"[145.1581, -37.9457]"
455,489,PATTERSON LAKES 222 Gladesville Blvd VIC 3197,650,3,2,3,House,-38.0833,145.1333,"[145.1333, -38.0833]"
456,490,WEIR VIEWS 41 Samuel Rd VIC 3338,410,4,2,2,House,-37.7077,144.5749,"[144.5749, -37.7077]"
457,491,BRUNSWICK WEST 532 Albion Street VIC 3055,510,3,1,1,House,-37.7603,144.9502,"[144.9502, -37.7603]"
458,492,WERRIBEE 8 Dongala Drive VIC 3030,460,4,3,2,House,-37.8887,144.726,"[144.726, -37.8887]"
459,493,SUNBURY 54 Wedmore Crescent VIC 3429,550,4,2,2,House,-37.5774,144.7261,"[144.7261, -37.5774]"
460,494,EDITHVALE 24 Field Avenue VIC 3196,500,2,2,5,House,-38.0372,145.1097,"[145.1097, -38.0372]"
461,495,CLYDE NORTH 35 Kilmarnock Way VIC 3978,420,3,2,2,House,-38.1333,145.3333,"[145.3333, -38.1333]"
462,496,CAROLINE SPRINGS 38C The Avenue VIC 3023,465,3,2,2,House,-37.7541,144.7651,"[144.7651, -37.7541]"
463,497,CHELSEA 11 Drinan Road VIC 3196,630,4,2,1,House,-38.0372,145.1097,"[145.1097, -38.0372]"
464,498,WERRIBEE 18 Heathwren View VIC 3030,420,4,3,2,House,-37.8887,144.726,"[144.726, -37.8887]"
465,499,FRANKSTON 9 Gould Street VIC 3199,690,3,2,1,House,-38.1333,145.1333,"[145.1333, -38.1333]"
466,500,RIDDELLS CREEK 16 Bluegum Circuit VIC 3431,600,4,2,2,House,-37.4605,144.6796,"[144.6796, -37.4605]"
467,501,CHELTENHAM 57 Brampton Street VIC 3192,480,3,1,3,House,-37.9694,145.0481,"[145.0481, -37.9694]"
468,502,BEAUMARIS 65 Morey Road VIC 3193,625,3,1,2,House,-37.9736,145.0164,"[145.0164, -37.9736]"
469,503,PAKENHAM 5 Montalto Drive VIC 3810,560,4,2,2,House,-38.1333,145.5167,"[145.5167, -38.1333]"
470,504,UPPER FERNTREE GULLY 1353 Burwood Highway VIC 3156,580,3,2,3,House,-37.909,145.2977,"[145.2977, -37.909]"
471,505,CRANBOURNE WEST 29 Statham View VIC 3977,480,4,2,2,House,-38.1375,145.2744,"[145.2744, -38.1375]"
472,506,ST KILDA EAST 9C Wando Grove VIC 3183,720,3,2,1,House,-37.8692,144.9977,"[144.9977, -37.8692]"
473,507,SOUTH YARRA 1206/7 Claremont Street VIC 3141,480,1,1,1,House,-37.8333,144.9833,"[144.9833, -37.8333]"
474,508,PAKENHAM 14 Hayes Court VIC 3810,450,4,2,2,House,-38.1333,145.5167,"[145.5167, -38.1333]"
475,509,WILLIAMSTOWN 17 Clark Street VIC 3016,480,2,1,1,House,-37.857,144.8977,"[144.8977, -37.857]"
476,510,THORNBURY 135 Shaftesbury Parade VIC 3071,570,3,1,2,House,-37.7583,145.0051,"[145.0051, -37.7583]"
477,511,BRUNSWICK 103 Union Street VIC 3056,580,3,1,0,House,-37.7667,144.9667,"[144.9667, -37.7667]"
478,512,CARLTON NORTH 406 Station Street VIC 3054,590,2,1,1,House,-37.7866,144.9685,"[144.9685, -37.7866]"
479,513,FERNTREE GULLY 46 Norvel Road VIC 3156,520,3,2,2,House,-37.909,145.2977,"[145.2977, -37.909]"
480,514,WANTIRNA 9 Hibiscus Street VIC 3152,520,5,2,2,House,-37.85,145.2167,"[145.2167, -37.85]"
481,515,PAKENHAM 10 Griffin Street VIC 3810,500,4,2,2,House,-38.1333,145.5167,"[145.5167, -38.1333]"
482,516,DROUIN 15 Norman Road VIC 3818,450,4,2,2,House,-38.1561,145.8431,"[145.8431, -38.1561]"
483,517,WARRAGUL 102 Crole Drive VIC 3820,510,4,2,2,House,-38.1591,145.9312,"[145.9312, -38.1591]"
484,518,TARNEIT 4 Maven Way VIC 3029,375,2,1,1,House,-37.8826,144.7003,"[144.7003, -37.8826]"
485,519,DROUIN 18 Carbine Court VIC 3818,495,3,2,2,House,-38.1561,145.8431,"[145.8431, -38.1561]"
486,520,VERMONT 760 Canterbury Road VIC 3133,505,4,2,2,House,-37.8362,145.1943,"[145.1943, -37.8362]"
487,521,YARRAVILLE 29A Bena Street VIC 3013,750,3,2,1,House,-37.8249,144.8708,"[144.8708, -37.8249]"
488,522,THORNBURY 82 Hutton Street VIC 3071,650,2,1,2,House,-37.7583,145.0051,"[145.0051, -37.7583]"
489,523,MELTON SOUTH 48 Coburns Road VIC 3338,330,3,1,3,House,-37.7077,144.5749,"[144.5749, -37.7077]"
490,524,PRAHRAN 31 McIlwrick Street VIC 3181,890,3,1,2,House,-37.853,144.9929,"[144.9929, -37.853]"
491,525,VERMONT 544 Canterbury Road VIC 3133,400,2,1,0,House,-37.8362,145.1943,"[145.1943, -37.8362]"
492,526,GREENVALE 11 Serendip Crescent VIC 3059,450,3,2,2,House,-37.6333,144.8667,"[144.8667, -37.6333]"
493,527,FAWKNER 72 James Street VIC 3060,400,2,1,2,House,-37.7167,144.9667,"[144.9667, -37.7167]"
494,528,ROWVILLE 50 Spruce Drive VIC 3178,525,4,2,2,House,-37.9333,145.2333,"[145.2333, -37.9333]"
495,529,OFFICER 7 Zoe Lane VIC 3809,450,4,2,2,House,-38.0592,145.4095,"[145.4095, -38.0592]"
496,530,MELTON WEST 20 Bickley Street VIC 3337,400,4,2,2,House,-37.6,144.6,"[144.6, -37.6]"
497,531,BERWICK 120 Avebury Drive VIC 3806,470,4,2,2,House,-38.0,145.35,"[145.35, -38.0]"
498,532,SUNBURY 9/39 Cornish Street VIC 3429,360,2,1,1,House,-37.5774,144.7261,"[144.7261, -37.5774]"
499,534,PAKENHAM 54 Webster Way VIC 3810,480,4,2,2,House,-38.1333,145.5167,"[145.5167, -38.1333]"
500,535,WARRNAMBOOL 18 Carolyn Crescent VIC 3280,450,3,1,2,House,-37.0,145.0,"[145.0, -37.0]"
501,536,GLENROY 109 Loongana Avenue VIC 3046,495,3,1,4,House,-37.7,144.9333,"[144.9333, -37.7]"
502,537,WERRIBEE 46 Kiely Avenue VIC 3030,365,3,1,6,House,-37.8887,144.726,"[144.726, -37.8887]"
503,538,BEAUMARIS 41 Alfred Street VIC 3193,450,2,1,2,House,-37.9736,145.0164,"[145.0164, -37.9736]"
504,539,WARRNAMBOOL 6 Verdon St VIC 3280,380,3,1,3,House,-37.0,145.0,"[145.0, -37.0]"
505,540,SOUTH YARRA 6 Cliff Street VIC 3141,795,2,1,0,House,-37.8333,144.9833,"[144.9833, -37.8333]"
506,541,ASCOT VALE 99 Ascot Vale Road VIC 3032,695,3,2,1,House,-37.7808,144.9354,"[144.9354, -37.7808]"
507,542,PAKENHAM 18 Stable Street VIC 3810,480,4,2,2,House,-38.1333,145.5167,"[145.5167, -38.1333]"
508,543,POINT COOK 16 Hewett Drive VIC 3030,430,3,2,2,House,-37.8887,144.726,"[144.726, -37.8887]"
509,544,PAKENHAM 25 Clarendon Street VIC 3810,490,4,2,2,House,-38.1333,145.5167,"[145.5167, -38.1333]"
510,545,BRIGHTON EAST 1/120 Thomas Street VIC 3187,630,3,1,1,House,-37.9014,145.0188,"[145.0188, -37.9014]"
511,546,HOPPERS CROSSING 18 Rudolph Street VIC 3029,400,3,2,2,House,-37.8724862,144.7014344,"[144.7014344, -37.8724862]"
512,547,PAKENHAM 6 Dundee Court VIC 3810,400,3,2,2,House,-38.1333,145.5167,"[145.5167, -38.1333]"
513,548,MADDINGLEY 8 Essence Boulevard VIC 3340,530,4,2,2,House,-37.7199,144.3727,"[144.3727, -37.7199]"
514,549,ALTONA NORTH 36 Duosa Road VIC 3025,490,3,1,2,House,-37.8349,144.8474,"[144.8474, -37.8349]"
515,550,WYNDHAM VALE 25 Pelham Crescent VIC 3024,370,3,2,2,House,-37.8291,144.5622,"[144.5622, -37.8291]"
516,551,WYNDHAM VALE 48 Brougham Avenue VIC 3024,380,3,2,2,House,-37.8291,144.5622,"[144.5622, -37.8291]"
517,552,NEWPORT 1a Graham Street VIC 3015,540,2,1,1,House,-37.8302,144.8709,"[144.8709, -37.8302]"
518,553,BLACK ROCK 278 Beach Road VIC 3193,1150,4,3,2,House,-37.9736,145.0164,"[145.0164, -37.9736]"
519,554,DROUIN 35 Timbertop Crescent VIC 3818,520,3,2,2,House,-38.1561,145.8431,"[145.8431, -38.1561]"
520,555,PAKENHAM 1 Loxton Way VIC 3810,595,4,2,3,House,-38.1333,145.5167,"[145.5167, -38.1333]"
521,556,WERRIBEE 80 Silvereye Crescent VIC 3030,335,3,2,0,House,-37.8887,144.726,"[144.726, -37.8887]"
522,557,PAKENHAM 11 Clairwood Avenue VIC 3810,400,3,2,1,House,-38.1333,145.5167,"[145.5167, -38.1333]"
523,558,DROUIN 43 Harmon Drive VIC 3818,470,3,2,2,House,-38.1561,145.8431,"[145.8431, -38.1561]"
524,559,WERRIBEE 2 Quamby Court VIC 3030,350,3,2,2,House,-37.8887,144.726,"[144.726, -37.8887]"
525,560,SPRINGVALE Rear 95 Springvale Road VIC 3171,450,3,1,1,House,-37.9457,145.1581,"[145.1581, -37.9457]"
526,561,DIGGERS REST 23 Splendour Circuit VIC 3427,420,3,2,2,House,-37.626,144.7188,"[144.7188, -37.626]"
527,562,PAKENHAM 2 Stable Street VIC 3810,500,4,2,2,House,-38.1333,145.5167,"[145.5167, -38.1333]"
528,563,WYNDHAM VALE 5 Wilton Close VIC 3024,350,4,1,4,House,-37.8291,144.5622,"[144.5622, -37.8291]"
529,564,FLEMINGTON 47 Waltham Street VIC 3031,475,3,1,0,House,-37.7899,144.9226,"[144.9226, -37.7899]"
530,565,PAKENHAM 3 Deveney Street VIC 3810,400,3,1,2,House,-38.1333,145.5167,"[145.5167, -38.1333]"
531,566,CLYDE NORTH 21 Hearthstone Circuit VIC 3978,490,4,2,2,House,-38.1333,145.3333,"[145.3333, -38.1333]"
532,567,WODONGA 28 Craig Circuit VIC 3690,400,3,2,2,House,-36.0997,146.802,"[146.802, -36.0997]"
533,568,NORTHCOTE 225 St. Georges Road VIC 3070,595,2,1,1,House,-37.7667,145.0,"[145.0, -37.7667]"
534,569,TRUGANINA 97 Marquands Road VIC 3029,480,4,2,2,House,-37.8826,144.7003,"[144.7003, -37.8826]"
535,570,SEAFORD 52 Hadley Street VIC 3198,420,3,1,6,House,-38.1049,145.1382,"[145.1382, -38.1049]"
536,571,SCORESBY 91 George Street VIC 3179,490,3,1,2,House,-37.9,145.2333,"[145.2333, -37.9]"
537,572,WEST MELBOURNE 4/30 Dudley Street VIC 3003,630,3,2,1,House,-37.8101,144.95,"[144.95, -37.8101]"
538,573,BRUNSWICK EAST 7 Queen Street VIC 3057,750,3,2,2,House,-37.7603,144.9502,"[144.9502, -37.7603]"
539,574,BAYSWATER NORTH 11 Winchester Drive VIC 3153,600,5,2,2,House,-37.85,145.2667,"[145.2667, -37.85]"
540,575,TOORADIN 9 Harewood Street VIC 3980,550,3,2,2,House,-38.2147,145.3833,"[145.3833, -38.2147]"
541,576,HOPPERS CROSSING 43 Bourke Crescent VIC 3029,420,3,2,2,House,-37.0,145.0,"[145.0, -37.0]"
542,577,CRANBOURNE 11 Glenwood Court VIC 3977,480,3,1,6,House,-38.1375,145.2744,"[145.2744, -38.1375]"
543,578,WANTIRNA 20 Dumfries Way VIC 3152,575,5,3,3,House,-37.85,145.2167,"[145.2167, -37.85]"
544,579,WARRNAMBOOL 238A Koroit Street VIC 3280,380,2,1,1,House,-38.3828684,142.4815548,"[142.4815548, -38.3828684]"
545,580,FITZROY 1/54 Marion Street VIC 3065,500,1,1,0,House,-37.7984,144.9783,"[144.9783, -37.7984]"
546,581,BERWICK 11 Misty Close VIC 3806,640,4,2,2,House,-38.0,145.35,"[145.35, -38.0]"
547,582,FITZROY NORTH 119 Rae Street VIC 3068,500,2,1,0,House,-37.7865,144.9897,"[144.9897, -37.7865]"
548,583,WODONGA 11 Mitchell Street VIC 3690,380,3,1,1,House,-36.0997,146.802,"[146.802, -36.0997]"
549,585,NEWPORT 23 Speight Street VIC 3015,690,4,1,3,House,-37.8302,144.8709,"[144.8709, -37.8302]"
550,586,PAKENHAM 44 Darwin Way VIC 3810,560,5,3,2,House,-38.1333,145.5167,"[145.5167, -38.1333]"
551,587,CARLTON NORTH 465 Station Street VIC 3054,1000,3,2,0,House,-37.7866,144.9685,"[144.9685, -37.7866]"
552,588,WILLIAMSTOWN 107 John Street VIC 3016,700,3,1,0,House,-37.857,144.8977,"[144.8977, -37.857]"
553,589,SUNBURY 8 Sorrel Circuit VIC 3429,480,4,2,2,House,-37.5774,144.7261,"[144.7261, -37.5774]"
554,590,FRASER RISE 32 Forrester Grove VIC 3336,420,3,2,1,House,-37.0,145.0,"[145.0, -37.0]"
555,591,WYNDHAM VALE 1 Glee Street VIC 3024,360,3,2,2,House,-37.8291,144.5622,"[144.5622, -37.8291]"
556,592,WYNDHAM VALE 2/16 Mermaid Crescent VIC 3024,340,2,1,1,House,-37.8291,144.5622,"[144.5622, -37.8291]"
557,594,BRIGHTON EAST 14 Mackie Grove VIC 3187,1700,4,3,3,House,-37.9014,145.0188,"[145.0188, -37.9014]"
558,595,WYNDHAM VALE 28 Brookside Drive VIC 3024,420,4,2,2,House,-37.8291,144.5622,"[144.5622, -37.8291]"
559,596,ALTONA MEADOWS 37 Crellin Avenue VIC 3028,460,3,2,2,House,-37.8809,144.7587,"[144.7587, -37.8809]"
560,597,CARLTON 124 Rathdowne Street VIC 3053,830,4,1,0,House,-37.8004,144.9684,"[144.9684, -37.8004]"
561,598,PAKENHAM 17 Torre Road VIC 3810,400,4,2,2,House,-38.1333,145.5167,"[145.5167, -38.1333]"
562,599,OFFICER 6 Bolton Grove VIC 3809,440,3,2,2,House,-38.0592,145.4095,"[145.4095, -38.0592]"
563,600,PAKENHAM 39 Rockford Street VIC 3810,410,4,2,2,House,-38.1333,145.5167,"[145.5167, -38.1333]"
564,601,BRUNSWICK 10 Lydia Street VIC 3056,650,2,1,1,House,-37.7667,144.9667,"[144.9667, -37.7667]"
565,602,CARLTON NORTH 690 Canning Street VIC 3054,880,4,1,0,House,-37.7866,144.9685,"[144.9685, -37.7866]"
566,603,PAKENHAM 1/30 Silver Gum Drive VIC 3810,400,3,2,1,House,-38.1333,145.5167,"[145.5167, -38.1333]"
567,604,WERRIBEE 20 Deutgam Street VIC 3030,480,3,2,4,House,-37.8887,144.726,"[144.726, -37.8887]"
568,605,MERNDA 11 Greig Drive VIC 3754,540,4,2,2,House,-37.6,145.15,"[145.15, -37.6]"
569,606,OFFICER 10 Kallista Circuit VIC 3809,500,4,2,2,House,-38.0592,145.4095,"[145.4095, -38.0592]"
570,607,ASCOT VALE 9 Haven Crescent VIC 3032,590,3,2,1,House,-37.7808,144.9354,"[144.9354, -37.7808]"
571,608,NEWPORT 4/5 Grieves Street VIC 3015,690,3,2,3,House,-37.8302,144.8709,"[144.8709, -37.8302]"
572,609,NEWPORT 11 Davies Street VIC 3015,750,4,2,4,House,-37.8302,144.8709,"[144.8709, -37.8302]"
573,610,MANOR LAKES 14 Firecrest Road VIC 3024,400,4,2,2,House,-37.8291,144.5622,"[144.5622, -37.8291]"
574,611,WILLIAMSTOWN 106 Stevedore Street VIC 3016,600,3,2,1,House,-37.857,144.8977,"[144.8977, -37.857]"
575,612,PRESTON 437 Gilbert Road VIC 3072,750,3,1,1,House,-37.75,145.0167,"[145.0167, -37.75]"
576,613,RICHMOND 7/65 York Street VIC 3121,350,1,1,1,House,-37.8271,145.0064,"[145.0064, -37.8271]"
577,614,MANOR LAKES 44 Amaretto Circuit VIC 3024,360,3,2,1,House,-37.8291,144.5622,"[144.5622, -37.8291]"
578,615,DROUIN 106 Longwarry Road VIC 3818,550,3,2,3,House,-38.1561,145.8431,"[145.8431, -38.1561]"
579,616,MANOR LAKES 26 Truffle Circuit VIC 3024,500,5,2,2,House,-37.8291,144.5622,"[144.5622, -37.8291]"
580,617,PAKENHAM 1 Leigh Drive VIC 3810,650,3,2,8,House,-38.1333,145.5167,"[145.5167, -38.1333]"
581,618,ESSENDON 20/18 Raleigh Street VIC 3040,370,2,1,1,House,-37.7538,144.8883,"[144.8883, -37.7538]"
582,619,NEWPORT 6 Loft Reserve Road VIC 3015,600,3,2,1,House,-37.8302,144.8709,"[144.8709, -37.8302]"
583,620,CRANBOURNE NORTH 6 Bronson Circuit VIC 3977,545,4,2,2,House,-38.1375,145.2744,"[145.2744, -38.1375]"
584,621,OFFICER 60 Heathcote Grove VIC 3809,440,3,2,1,House,-38.0592,145.4095,"[145.4095, -38.0592]"
585,622,ST KILDA EAST 17 Empress Rd VIC 3183,750,3,1,0,House,-37.8692,144.9977,"[144.9977, -37.8692]"
586,623,CARLTON 106 Keppel Street VIC 3053,730,2,2,1,House,-37.8004,144.9684,"[144.9684, -37.8004]"
587,624,CARLTON 40 Dorrit Street VIC 3053,625,2,2,0,House,-37.8004,144.9684,"[144.9684, -37.8004]"
588,625,FLINDERS 440 Keys Road VIC 3929,4000,6,4,2,House,-38.4739,145.019,"[145.019, -38.4739]"
589,626,CARNEGIE 87 Mimosa Road VIC 3163,1200,4,2,3,House,-37.8895,145.0581,"[145.0581, -37.8895]"
590,627,OFFICER 45 Koba Way VIC 3809,520,4,2,2,House,-38.0592,145.4095,"[145.4095, -38.0592]"
591,628,PRAHRAN 12 Bayview Street VIC 3181,720,3,1,3,House,-37.853,144.9929,"[144.9929, -37.853]"
592,629,SOUTH YARRA 76 Millswyn Street VIC 3141,1700,2,2,1,House,-37.8333,144.9833,"[144.9833, -37.8333]"
593,630,BRIGHTON 41 Bay Street VIC 3186,1490,4,2,2,House,-37.9057,145.0067,"[145.0067, -37.9057]"
594,631,FAWKNER 46 Mutton Road VIC 3060,420,3,1,2,House,-37.7167,144.9667,"[144.9667, -37.7167]"
595,632,ARMADALE 4a Fetherston Street VIC 3143,2200,3,2,2,House,-37.85,145.0333,"[145.0333, -37.85]"
596,633,WINDSOR 124 Punt Road VIC 3181,795,4,2,2,House,-37.853,144.9929,"[144.9929, -37.853]"
597,634,COBURG 40 Higinbotham Street VIC 3058,560,3,1,2,House,-37.75,144.9667,"[144.9667, -37.75]"
598,635,CANTERBURY 22 Daphne Street VIC 3126,50,4,2,2,House,-37.8247,145.0848,"[145.0848, -37.8247]"
599,636,ST KILDA 12 Gurner Street VIC 3182,1750,4,2,1,House,-37.8633,144.9802,"[144.9802, -37.8633]"
600,637,TOORAK 9 Tyalla Crescent VIC 3142,795,3,2,2,House,-37.8416,145.0177,"[145.0177, -37.8416]"
601,638,BALWYN NORTH 83 Clifton Street VIC 3104,650,4,1,2,House,-37.7909,145.0939,"[145.0939, -37.7909]"
602,639,MALVERN 22 Ethel Street VIC 3144,1750,5,2,2,House,-37.8512,145.0317,"[145.0317, -37.8512]"
603,640,GLEN IRIS 6 Kenilworth Grove VIC 3146,650,3,1,3,House,-37.8599,145.0549,"[145.0549, -37.8599]"
604,641,MOUNT WAVERLEY 478 Highbury Road VIC 3149,640,3,1,3,House,-37.8771,145.1294,"[145.1294, -37.8771]"
605,642,FRANKSTON 145 Cranbourne Frankston Road VIC 3199,500,3,1,3,House,-38.1333,145.1333,"[145.1333, -38.1333]"
606,643,OAKLEIGH 30 Oxford St VIC 3166,990,4,1,4,House,-37.8995,145.0811,"[145.0811, -37.8995]"
607,644,RINGWOOD NORTH 1 Belle Vue Avenue VIC 3134,480,3,1,0,House,-37.7667,145.25,"[145.25, -37.7667]"
608,645,FLEMINGTON 12 Ascot Vale Road VIC 3031,470,2,1,1,House,-37.7899,144.9226,"[144.9226, -37.7899]"
609,646,GISBORNE 4 Watt Street VIC 3437,590,3,2,2,House,-37.4886,144.5942,"[144.5942, -37.4886]"
610,647,SUNSHINE WEST 9 Rautman Crescent VIC 3020,415,3,2,2,House,-37.775,144.8333,"[144.8333, -37.775]"
611,648,MARIBYRNONG 45 Cedar Drive VIC 3032,895,4,2,2,House,-37.7808,144.9354,"[144.9354, -37.7808]"
612,649,BONBEACH 24 Cannes Avenue VIC 3196,580,4,1,4,House,-38.0372,145.1097,"[145.1097, -38.0372]"
613,650,EUMEMMERRING 32-34 Doveton Avenue VIC 3177,350,3,1,1,House,-37.9944331,145.2508601,"[145.2508601, -37.9944331]"
614,651,TRUGANINA 49 Ionica Loop VIC 3029,450,4,2,2,House,-37.8826,144.7003,"[144.7003, -37.8826]"
615,652,MELTON SOUTH 6 Hollybrook St VIC 3338,380,3,2,2,House,-37.7077,144.5749,"[144.5749, -37.7077]"
616,653,STRATHTULLOH 19 Selbourne Street VIC 3338,420,4,2,2,House,-37.7077,144.5749,"[144.5749, -37.7077]"
617,655,NARRE WARREN 1 Juncus Street VIC 3805,520,4,3,2,House,-38.0298,145.3034,"[145.3034, -38.0298]"
618,656,ELWOOD 102 Mitford Street VIC 3184,775,2,1,0,House,-37.8809,144.9855,"[144.9855, -37.8809]"
619,657,HAMPTON PARK 1/26 Beckington Crescent VIC 3976,360,3,1,1,House,-38.0333,145.25,"[145.25, -38.0333]"
620,658,ENDEAVOUR HILLS 4 Bedford Court VIC 3802,410,3,1,2,House,-37.977,145.2587,"[145.2587, -37.977]"
621,659,GISBORNE 8 Morrow Road VIC 3437,480,3,1,0,House,-37.4886,144.5942,"[144.5942, -37.4886]"
622,660,MERNDA 7 Underhill Road VIC 3754,450,3,2,2,House,-37.6,145.15,"[145.15, -37.6]"
623,661,MORNINGTON 15 Inglis Street VIC 3931,580,3,1,1,House,-38.2167,145.0333,"[145.0333, -38.2167]"
624,662,POINT COOK 6 Evesham Drive VIC 3030,470,4,2,2,House,-37.8887,144.726,"[144.726, -37.8887]"
625,663,KALORAMA 11 Rosemont Crescent VIC 3766,600,3,2,2,House,-37.8167,145.3667,"[145.3667, -37.8167]"
626,664,CLAYTON SOUTH 41 Bellavista Crescent VIC 3169,460,3,1,2,House,-37.9431,145.106,"[145.106, -37.9431]"
627,666,COBURG 504/14-20 Nicholson Street VIC 3058,350,1,1,1,House,-37.75,144.9667,"[144.9667, -37.75]"
628,668,GISBORNE 17 Alcheringa Court VIC 3437,700,4,2,2,House,-37.4886,144.5942,"[144.5942, -37.4886]"
629,669,GOWANBRAE 5/2 Lanark Way VIC 3043,440,3,2,2,House,-37.7013,144.881,"[144.881, -37.7013]"
630,670,CRAIGIEBURN 23 Meyers Walk VIC 3064,380,2,2,1,House,-37.5588,144.9124,"[144.9124, -37.5588]"
631,671,ROWVILLE 18 Carrara Rd VIC 3178,430,3,1,2,House,-37.9333,145.2333,"[145.2333, -37.9333]"
632,672,HOPPERS CROSSING 1A Lyndall Court VIC 3029,375,3,2,1,House,-37.8798164,144.6883791,"[144.6883791, -37.8798164]"
633,673,SUNBURY 12 Jersey Drive VIC 3429,520,4,2,2,House,-37.5774,144.7261,"[144.7261, -37.5774]"
634,674,ASCOT VALE 188 St Leonards Road VIC 3032,600,3,2,2,House,-37.7808,144.9354,"[144.9354, -37.7808]"
635,675,PAKENHAM 19 Cohens Way VIC 3810,420,3,2,2,House,-38.1333,145.5167,"[145.5167, -38.1333]"
636,676,TULLAMARINE 1/131 Mickleham Road VIC 3043,350,2,1,1,House,-37.7013,144.881,"[144.881, -37.7013]"
637,677,OFFICER 11 Flanagan Avenue VIC 3809,500,4,2,2,House,-38.0592,145.4095,"[145.4095, -38.0592]"
638,678,CROYDON NORTH 7 Turkeith Crescent VIC 3136,30,3,1,2,House,-37.7744,145.2756,"[145.2756, -37.7744]"
639,679,NARRE WARREN 11 Balcombe Court VIC 3805,420,3,2,2,House,-38.0298,145.3034,"[145.3034, -38.0298]"
640,680,FAWKNER 4 Somerlayton Crescent VIC 3060,380,3,1,1,House,-37.7167,144.9667,"[144.9667, -37.7167]"
641,682,MOUNT ELIZA 28 Mcgown Road VIC 3930,1300,4,2,2,House,-38.1943,145.0926,"[145.0926, -38.1943]"
642,683,OAKLEIGH 19 Regent Street VIC 3166,550,3,2,1,House,-37.8995,145.0811,"[145.0811, -37.8995]"
643,684,OFFICER SOUTH 62 Leeson Street VIC 3809,390,3,2,1,House,-38.0592,145.4095,"[145.4095, -38.0592]"
644,685,FRANKSTON 16 Macorna Street VIC 3199,440,3,1,2,House,-38.1333,145.1333,"[145.1333, -38.1333]"
645,686,DANDENONG NORTH 33 Kandra Street VIC 3175,550,4,2,2,House,-37.9833,145.2,"[145.2, -37.9833]"
646,687,SOUTH MORANG 50 Le Page Run VIC 3752,540,4,2,2,House,-37.65,145.1,"[145.1, -37.65]"
647,688,OFFICER 8 Juniper Street VIC 3809,400,3,2,1,House,-38.0592,145.4095,"[145.4095, -38.0592]"
648,689,NEWPORT 29 Collingwood Road VIC 3015,760,3,2,1,House,-37.8302,144.8709,"[144.8709, -37.8302]"
649,690,SUNBURY 145 PHILLIP DRIVE VIC 3429,435,4,2,2,House,-37.5774,144.7261,"[144.7261, -37.5774]"
650,691,RYE 5 Grandview Avenue VIC 3941,875,4,4,4,House,-38.4141,144.8244,"[144.8244, -38.4141]"
651,692,WEIR VIEWS 18 Pegasus Drive VIC 3338,430,4,2,2,House,-37.7077,144.5749,"[144.5749, -37.7077]"
652,693,ENDEAVOUR HILLS 91 Shetland Street VIC 3802,390,3,1,1,House,-37.977,145.2587,"[145.2587, -37.977]"
653,694,MELTON SOUTH 52 Childs Street VIC 3338,370,4,1,2,House,-37.7077,144.5749,"[144.5749, -37.7077]"
654,695,DEANSIDE 14 Valiant Street VIC 3336,480,4,2,2,House,-37.0,145.0,"[145.0, -37.0]"
655,696,FRANKSTON NORTH 21 Monterey Boulevard VIC 3200,360,3,1,3,House,-38.1213,145.1552,"[145.1552, -38.1213]"
656,697,CRANBOURNE WEST 79 Morningside Boulevard VIC 3977,485,3,2,2,House,-38.1375,145.2744,"[145.2744, -38.1375]"
657,698,COBURG 181 Munro Street VIC 3058,500,3,1,1,House,-37.75,144.9667,"[144.9667, -37.75]"
658,699,GISBORNE 45 Sunny Park Close VIC 3437,470,3,2,2,House,-37.4886,144.5942,"[144.5942, -37.4886]"
659,700,BRUNSWICK EAST 8 Jenkin Street VIC 3057,925,2,2,1,House,-37.7603,144.9502,"[144.9502, -37.7603]"
660,701,VERMONT SOUTH 31 Mont Court VIC 3133,525,3,2,2,House,-37.8362,145.1943,"[145.1943, -37.8362]"
661,702,OAK PARK 2 Nerissa Grove VIC 3046,495,2,2,2,House,-37.7,144.9333,"[144.9333, -37.7]"
662,703,SUNSHINE WEST 6 Struga Road VIC 3020,580,5,2,2,House,-37.775,144.8333,"[144.8333, -37.775]"
663,704,CHELTENHAM 48 Tulip Grove VIC 3192,570,3,1,4,House,-37.9694,145.0481,"[145.0481, -37.9694]"
664,705,ALBION 10 Merlow Street VIC 3020,440,3,2,2,House,-37.775,144.8333,"[144.8333, -37.775]"
665,706,CROYDON NORTH 3 Hanwell Court VIC 3136,650,4,2,2,House,-37.7744,145.2756,"[145.2756, -37.7744]"
666,707,ROWVILLE 60 Simon Avenue VIC 3178,590,5,2,4,House,-37.9333,145.2333,"[145.2333, -37.9333]"
667,708,EAST GEELONG 3 Boyne Avenue VIC 3219,560,4,2,1,House,-38.1662,144.3943,"[144.3943, -38.1662]"
668,709,COBURG 12 Rolland Street VIC 3058,575,2,1,0,House,-37.75,144.9667,"[144.9667, -37.75]"
669,710,WYNDHAM VALE 5 Farrier Road VIC 3024,450,4,2,0,House,-37.8291,144.5622,"[144.5622, -37.8291]"
670,711,MOONEE PONDS 28 Elizabeth Street VIC 3039,530,2,1,0,House,-37.7667,144.9167,"[144.9167, -37.7667]"
671,712,"DROUIN 4/Lot 5, 39 Weebar Road VIC 3818",350,2,1,1,House,-38.1561,145.8431,"[145.8431, -38.1561]"
672,713,DROUIN 2 Chaucer Way VIC 3818,460,4,2,2,House,-38.1561,145.8431,"[145.8431, -38.1561]"
673,714,MOONEE PONDS 19 Severn Street VIC 3039,420,2,1,0,House,-37.7667,144.9167,"[144.9167, -37.7667]"
674,715,TRAFALGAR 64 Davey Drive VIC 3824,495,4,2,2,House,-38.2091,146.1535,"[146.1535, -38.2091]"
675,716,OFFICER 70 Babar Drive VIC 3809,450,3,2,2,House,-38.0592,145.4095,"[145.4095, -38.0592]"
676,718,TRUGANINA 10 Galactic Way VIC 3029,570,4,3,2,House,-37.8826,144.7003,"[144.7003, -37.8826]"
677,719,BEECHWORTH 6 Loch Street VIC 3747,500,3,1,0,House,-36.3416,146.7067,"[146.7067, -36.3416]"
678,720,WARRAGUL 3 Kokoda Street VIC 3820,395,3,1,1,House,-38.1591,145.9312,"[145.9312, -38.1591]"
679,721,BRUNSWICK 14 Lanark Street VIC 3056,950,4,2,1,House,-37.7667,144.9667,"[144.9667, -37.7667]"
680,722,WARRAGUL 21 Hampton Drive VIC 3820,540,4,2,2,House,-38.1591,145.9312,"[145.9312, -38.1591]"
681,723,MOUNT ELIZA 7 Dolphin Street VIC 3930,740,4,2,2,House,-38.1943,145.0926,"[145.0926, -38.1943]"
682,724,BLACKBURN SOUTH 1/50 Lawrence Street VIC 3130,770,4,3,1,House,-37.8232,145.1511,"[145.1511, -37.8232]"
683,725,FRANKSTON NORTH 287 Frankston Dandenong Road VIC 3200,360,3,1,1,House,-38.1213,145.1552,"[145.1552, -38.1213]"
684,726,BERWICK 9 Montmorency Avenue VIC 3806,520,4,2,2,House,-38.0,145.35,"[145.35, -38.0]"
685,727,FOREST HILL 6 Bogong Court VIC 3131,430,3,1,1,House,-37.8275,145.1739,"[145.1739, -37.8275]"
686,728,CAROLINE SPRINGS 36 Arroyo Place VIC 3023,440,3,2,2,House,-37.7541,144.7651,"[144.7651, -37.7541]"
687,729,CAROLINE SPRINGS 3 Fawkner Place VIC 3023,500,5,2,2,House,-37.7541,144.7651,"[144.7651, -37.7541]"
688,730,DELAHEY 3 Buninyong Way VIC 3037,440,3,2,2,House,-37.7034,144.7619,"[144.7619, -37.7034]"
689,731,STRATHTULLOH 21 Wembley Avenue VIC 3338,395,3,2,2,House,-37.7077,144.5749,"[144.5749, -37.7077]"
690,732,WERRIBEE 17 Somerset Close VIC 3030,325,3,1,1,House,-37.8887,144.726,"[144.726, -37.8887]"
691,733,VERMONT 38 Woodcrest Rd VIC 3133,450,4,1,2,House,-37.8362,145.1943,"[145.1943, -37.8362]"
692,734,BRUNSWICK 9 Fallon Street VIC 3056,730,3,1,1,House,-37.7667,144.9667,"[144.9667, -37.7667]"
693,735,ALPHINGTON 55 Keith Street VIC 3078,670,3,1,2,House,-37.7829,145.0226,"[145.0226, -37.7829]"
694,736,WOODEND 16 Tree Change Way VIC 3442,530,4,2,2,House,-37.3174,144.5993,"[144.5993, -37.3174]"
695,737,DEANSIDE 12 Chateau Promenade VIC 3336,435,4,2,1,House,-37.0,145.0,"[145.0, -37.0]"
696,738,VERMONT 6 Lexington Street VIC 3133,395,2,1,1,House,-37.8362,145.1943,"[145.1943, -37.8362]"
697,739,WERRIBEE SOUTH 2 Maimones Road VIC 3030,280,2,1,3,House,-37.8887,144.726,"[144.726, -37.8887]"
698,740,WOLLERT 27 Walkhill Drive VIC 3750,550,4,2,4,House,-37.5833,145.0333,"[145.0333, -37.5833]"
699,741,MOUNT EVELYN 8A Birmingham Road VIC 3796,250,1,1,1,House,-37.7833,145.3833,"[145.3833, -37.7833]"
700,742,WARRAGUL 17 Kendal Avenue VIC 3820,450,3,2,2,House,-38.1591,145.9312,"[145.9312, -38.1591]"
701,743,WARRAGUL 30 Parkhead Circuit VIC 3820,400,3,1,2,House,-38.1591,145.9312,"[145.9312, -38.1591]"
702,744,CLAYTON SOUTH 3 Beswick Street VIC 3169,420,3,1,3,House,-37.9431,145.106,"[145.106, -37.9431]"
703,745,DANDENONG NORTH 14 Boronia Avenue VIC 3175,390,3,1,0,House,-37.9833,145.2,"[145.2, -37.9833]"
704,746,WARRAGUL 67 Silkwood Drive VIC 3820,495,4,2,2,House,-38.1591,145.9312,"[145.9312, -38.1591]"
705,747,NEWPORT 20 Elphin Street VIC 3015,475,3,1,1,House,-37.8302,144.8709,"[144.8709, -37.8302]"
706,748,POINT COOK 11 Aruba Avenue VIC 3030,460,4,2,2,House,-37.8887,144.726,"[144.726, -37.8887]"
707,749,POINT COOK 22 Gardener Drive VIC 3030,400,3,2,1,House,-37.8887,144.726,"[144.726, -37.8887]"
708,750,GREENVALE 32 Lucy Crescent VIC 3059,650,4,2,2,House,-37.6333,144.8667,"[144.8667, -37.6333]"
709,751,DOREEN 12 Sukarna Court VIC 3754,520,4,2,2,House,-37.6,145.15,"[145.15, -37.6]"
710,753,WERRIBEE 4/11 Edgar Street VIC 3030,300,2,1,1,House,-37.8887,144.726,"[144.726, -37.8887]"
711,754,NORTH MELBOURNE 4 Gardiner Street VIC 3051,580,3,1,1,House,-37.8029,144.9482,"[144.9482, -37.8029]"
712,755,CLAYTON 2/27 Bettina Street VIC 3168,550,3,2,1,House,-37.9167,145.1333,"[145.1333, -37.9167]"
713,756,CHELTENHAM 6 Garfield Street VIC 3192,585,3,1,2,House,-37.9694,145.0481,"[145.0481, -37.9694]"
714,757,WARRAGUL 7 Tambo Drive VIC 3820,495,4,2,4,House,-38.1591,145.9312,"[145.9312, -38.1591]"
715,758,OFFICER 19 Rix Road VIC 3809,520,4,2,2,House,-38.0592,145.4095,"[145.4095, -38.0592]"
716,759,BROADMEADOWS 1 Rodney Court VIC 3047,490,3,2,2,House,-37.6708,144.9354,"[144.9354, -37.6708]"
717,760,TEMPLESTOWE 115 Atkinson Street VIC 3106,450,3,1,2,House,-37.75,145.1167,"[145.1167, -37.75]"
718,761,CLYDE 21 Pump House Crescent VIC 3978,500,4,2,2,House,-38.1333,145.3333,"[145.3333, -38.1333]"
719,762,CAULFIELD 13 Anderson Street VIC 3162,750,3,1,3,House,-37.8914,145.0254,"[145.0254, -37.8914]"
720,763,WYNDHAM VALE 98 Millbrook Drive VIC 3024,370,3,2,1,House,-37.8291,144.5622,"[144.5622, -37.8291]"
721,764,NOBLE PARK 4/21-23 Kelvinside Rd VIC 3174,600,4,3,2,House,-37.9667,145.1667,"[145.1667, -37.9667]"
722,765,TRUGANINA 14 Mingay Close VIC 3029,400,3,1,1,House,-37.8826,144.7003,"[144.7003, -37.8826]"
723,766,PAKENHAM 15 Wendy Way VIC 3810,480,4,2,2,House,-38.1333,145.5167,"[145.5167, -38.1333]"
724,767,BRUNSWICK 100 Union Street VIC 3056,920,3,2,2,House,-37.7667,144.9667,"[144.9667, -37.7667]"
725,768,KINGS PARK 24 Gum Road VIC 3021,520,4,2,0,House,-37.7371,144.8283,"[144.8283, -37.7371]"
726,769,WERRIBEE 17 Kasem Drive VIC 3030,450,3,2,2,House,-37.8887,144.726,"[144.726, -37.8887]"
727,770,TRUGANINA 10 Sahara Way VIC 3029,380,3,2,1,House,-37.8826,144.7003,"[144.7003, -37.8826]"
728,771,PAKENHAM 34 Ashford Drive VIC 3810,445,3,2,2,House,-38.1333,145.5167,"[145.5167, -38.1333]"
729,772,PAKENHAM 9 Niseko Crescent VIC 3810,480,4,2,2,House,-38.1333,145.5167,"[145.5167, -38.1333]"
730,773,BRIGHTON 5 Budd Street VIC 3186,1250,3,2,2,House,-37.9057,145.0067,"[145.0067, -37.9057]"
731,774,RESERVOIR 40 Andrews Avenue VIC 3073,400,3,1,2,House,-37.7167,145.0,"[145.0, -37.7167]"
732,775,WERRIBEE 68 Dawley Circuit VIC 3030,380,4,2,2,House,-37.8887,144.726,"[144.726, -37.8887]"
733,776,WANTIRNA 2 Balmain Court VIC 3152,470,3,1,2,House,-37.85,145.2167,"[145.2167, -37.85]"
734,777,BEECHWORTH 27 Hayes Drive VIC 3747,600,4,2,2,House,-36.3416,146.7067,"[146.7067, -36.3416]"
735,778,MERNDA 10 Plough Street VIC 3754,450,4,2,2,House,-37.6,145.15,"[145.15, -37.6]"
736,779,CRANBOURNE NORTH 35 Freshfields Drive VIC 3977,450,3,2,1,House,-38.1375,145.2744,"[145.2744, -38.1375]"
737,780,GLADSTONE PARK 63 South Circular Road VIC 3043,400,3,1,4,House,-37.7013,144.881,"[144.881, -37.7013]"
738,781,AIRPORT WEST 85 Moore Road VIC 3042,420,3,1,1,House,-37.7247,144.8813,"[144.8813, -37.7247]"
739,782,CLYDE NORTH 7 Sunlight Avenue VIC 3978,475,4,2,2,House,-38.1333,145.3333,"[145.3333, -38.1333]"
740,783,CAROLINE SPRINGS 8 Mt Eccles Place VIC 3023,600,4,2,2,House,-37.7541,144.7651,"[144.7651, -37.7541]"
741,784,WYNDHAM VALE 37 Stream Road VIC 3024,420,4,2,2,House,-37.8291,144.5622,"[144.5622, -37.8291]"
742,785,YARRAVILLE 55 Powell Street VIC 3013,850,4,2,2,House,-37.8249,144.8708,"[144.8708, -37.8249]"
743,786,COBURG 22 Linda Street VIC 3058,520,2,1,0,House,-37.75,144.9667,"[144.9667, -37.75]"
744,787,WEST MELBOURNE 228 Adderley Street VIC 3003,900,3,2,1,House,-37.8101,144.95,"[144.95, -37.8101]"
745,788,CARLTON 49 Macarthur Place VIC 3053,580,2,1,0,House,-37.8004,144.9684,"[144.9684, -37.8004]"
746,789,NARRE WARREN SOUTH 60 Fleet Street VIC 3805,480,4,2,2,House,-38.0298,145.3034,"[145.3034, -38.0298]"
747,790,DROUIN 32 Horsetail Way VIC 3818,420,3,2,1,House,-38.1561,145.8431,"[145.8431, -38.1561]"
748,791,WERRIBEE 29 Anderson Street VIC 3030,280,2,1,2,House,-37.8887,144.726,"[144.726, -37.8887]"
749,792,MAIDSTONE 1/15 Cambridge Street VIC 3012,415,3,1,2,House,-37.8302,144.8709,"[144.8709, -37.8302]"
750,793,YARRAVILLE 47 Benbow Street VIC 3013,500,3,1,2,House,-37.8249,144.8708,"[144.8708, -37.8249]"
751,794,GLENROY 2/39 Beatty Avenue VIC 3046,470,3,2,1,House,-37.7,144.9333,"[144.9333, -37.7]"
752,795,TARNEIT 4 Bianca Boulevard VIC 3029,370,3,2,2,House,-37.8826,144.7003,"[144.7003, -37.8826]"
753,796,WERRIBEE 3/20-22 Retreat Place VIC 3030,370,3,1,2,House,-37.8887,144.726,"[144.726, -37.8887]"
754,797,COBURG 46 Devon Avenue VIC 3058,515,3,1,2,House,-37.75,144.9667,"[144.9667, -37.75]"
755,798,HOPPERS CROSSING 2 Beverley Court VIC 3029,350,3,2,2,House,-37.0,145.0,"[145.0, -37.0]"
756,799,SPRINGVALE 3 Thames Avenue VIC 3171,420,3,1,1,House,-37.9457,145.1581,"[145.1581, -37.9457]"
757,800,DARLEY 8 Valentina Drive VIC 3340,400,4,2,2,House,-37.7199,144.3727,"[144.3727, -37.7199]"
758,801,WILLIAMSTOWN 8A Jobson Street VIC 3016,700,3,2,2,House,-37.857,144.8977,"[144.8977, -37.857]"
759,802,WERRIBEE 8 Radisson Crescent VIC 3030,420,4,2,2,House,-37.8887,144.726,"[144.726, -37.8887]"
760,803,LANGWARRIN 5 Elana Court VIC 3910,650,4,2,2,House,-38.1667,145.1667,"[145.1667, -38.1667]"
761,804,PAKENHAM 29 Stable Street VIC 3810,550,4,2,2,House,-38.1333,145.5167,"[145.5167, -38.1333]"
762,805,THOMASTOWN 9 Currajong Street VIC 3074,400,3,1,5,House,-37.6833,145.0167,"[145.0167, -37.6833]"
763,806,CHELTENHAM 22A Heather Grove VIC 3192,560,2,2,2,House,-37.9694,145.0481,"[145.0481, -37.9694]"
764,807,BAYSWATER NORTH 13 Westwood Drive VIC 3153,480,3,2,2,House,-37.85,145.2667,"[145.2667, -37.85]"
765,808,COBURG 8 Sargood Street VIC 3058,750,5,1,0,House,-37.75,144.9667,"[144.9667, -37.75]"
766,809,HARKNESS 2 Oakpark Drive VIC 3337,380,3,2,1,House,-37.6,144.6,"[144.6, -37.6]"
767,810,COBURG 29 Rose Street VIC 3058,995,6,2,2,House,-37.75,144.9667,"[144.9667, -37.75]"
768,811,NORTHCOTE 2 Vauxhall Road VIC 3070,850,3,1,1,House,-37.7667,145.0,"[145.0, -37.7667]"
769,812,BUNYIP 17 Abeckett Road VIC 3815,460,3,2,2,House,-38.0719,145.6943,"[145.6943, -38.0719]"
770,813,SEDDON 14 Junction Street VIC 3011,420,2,1,0,House,-37.7995,144.8963,"[144.8963, -37.7995]"
771,814,MERNDA 9 Balvicar Way VIC 3754,405,4,2,2,House,-37.6,145.15,"[145.15, -37.6]"
772,815,PRAHRAN 12 Gertrude Street VIC 3181,795,3,1,1,House,-37.853,144.9929,"[144.9929, -37.853]"
773,816,COBURG 129 Shaftsbury Street VIC 3058,625,3,2,0,House,-37.75,144.9667,"[144.9667, -37.75]"
774,817,WERRIBEE 4 Swan Street VIC 3030,370,4,1,2,House,-37.8887,144.726,"[144.726, -37.8887]"
775,819,BUNDOORA 15 Balmoral Avenue VIC 3083,549,3,1,3,House,-37.7062,145.0474,"[145.0474, -37.7062]"
776,820,HOPPERS CROSSING 9 Dawe Court VIC 3029,330,3,1,1,House,-37.0,145.0,"[145.0, -37.0]"
777,821,GLEN IRIS 44 Maitland Street VIC 3146,550,4,1,1,House,-37.8599,145.0549,"[145.0549, -37.8599]"
778,822,MENTONE 37 Beach Road VIC 3194,900,3,2,2,House,-37.9833,145.0667,"[145.0667, -37.9833]"
779,823,WARRNAMBOOL 13 Bradley Street VIC 3280,350,3,1,0,House,-37.0,145.0,"[145.0, -37.0]"
780,824,BEAUMARIS 6 Rosemary Rd VIC 3193,1100,4,3,2,House,-37.9736,145.0164,"[145.0164, -37.9736]"
781,825,FRANKSTON NORTH 377 Frankston-Dandenong Road VIC 3200,400,3,1,2,House,-38.1213,145.1552,"[145.1552, -38.1213]"
782,827,SPRINGVALE 1/31 Lightwood Road VIC 3171,555,3,2,2,House,-37.9457,145.1581,"[145.1581, -37.9457]"
783,828,KNOXFIELD 1 Honeypot Close VIC 3180,600,3,2,2,House,-37.8898,145.2496,"[145.2496, -37.8898]"
784,829,HEIDELBERG WEST 17 Derna Street VIC 3081,460,3,1,2,House,-37.7531,145.0385,"[145.0385, -37.7531]"
785,830,DEANSIDE 9 Annabel Street VIC 3336,480,4,2,2,House,-37.0,145.0,"[145.0, -37.0]"
786,831,OFFICER 2 Ryeburn Street VIC 3809,570,4,2,2,House,-38.0592,145.4095,"[145.4095, -38.0592]"
787,832,CAULFIELD SOUTH 3 Bent Street VIC 3162,695,4,2,2,House,-37.8914,145.0254,"[145.0254, -37.8914]"
788,833,WARRAGUL 193 Bowen Street VIC 3820,1956,4,2,2,House,-38.1591,145.9312,"[145.9312, -38.1591]"
789,834,MOONEE PONDS 3 Albert Street VIC 3039,570,2,2,0,House,-37.7667,144.9167,"[144.9167, -37.7667]"
790,835,CHELSEA 1/12 Berwen Street VIC 3196,660,3,1,1,House,-38.0372,145.1097,"[145.1097, -38.0372]"
791,836,MOONEE PONDS 30 Ngarveno Street VIC 3039,595,3,1,1,House,-37.7667,144.9167,"[144.9167, -37.7667]"
792,837,FRANKSTON NORTH 48 Pine Street VIC 3200,415,3,1,2,House,-38.1213,145.1552,"[145.1552, -38.1213]"
793,838,FRANKSTON SOUTH 20 Hamilton Grove VIC 3199,520,4,1,2,House,-38.1333,145.1333,"[145.1333, -38.1333]"
794,839,CARLTON 106 Palmerston Street VIC 3053,630,3,1,0,House,-37.8004,144.9684,"[144.9684, -37.8004]"
795,840,DANDENONG NORTH 1471 HEATHERTON ROAD VIC 3175,470,3,1,2,House,-37.9833,145.2,"[145.2, -37.9833]"
796,841,PAKENHAM 10 Shirley Street VIC 3810,460,4,2,2,House,-38.1333,145.5167,"[145.5167, -38.1333]"
797,842,ALTONA NORTH 42A The Broadway VIC 3025,560,3,2,1,House,-37.8349,144.8474,"[144.8474, -37.8349]"
798,843,PAKENHAM 65 Lakeside Blvd VIC 3810,450,3,3,1,House,-38.1333,145.5167,"[145.5167, -38.1333]"
799,844,MOUNT DUNEED 56 Grevillea Drive VIC 3217,495,4,2,3,House,-38.2583,144.3083,"[144.3083, -38.2583]"
800,845,YARRAVILLE 23 Mill Avenue VIC 3013,710,3,2,2,House,-37.8249,144.8708,"[144.8708, -37.8249]"
801,846,BENTLEIGH EAST 60 Wingate Street VIC 3165,600,3,2,3,House,-37.9201,145.0599,"[145.0599, -37.9201]"
802,847,SUNBURY 5 Bridle Street VIC 3429,580,4,2,2,House,-37.5774,144.7261,"[144.7261, -37.5774]"
803,848,WANTIRNA SOUTH 23 Fraser Crescent VIC 3152,505,4,2,2,House,-37.85,145.2167,"[145.2167, -37.85]"
804,849,WANTIRNA 2/29 Gresford Road VIC 3152,430,3,1,2,House,-37.85,145.2167,"[145.2167, -37.85]"
805,850,TARNEIT 1/54 Oreilly Road VIC 3029,370,2,1,1,House,-37.8826,144.7003,"[144.7003, -37.8826]"
806,851,CRANBOURNE 28 Grace Street VIC 3977,400,3,1,1,House,-38.1375,145.2744,"[145.2744, -38.1375]"
807,852,FERNTREE GULLY 1 Cinerea Avenue VIC 3156,420,3,1,1,House,-37.909,145.2977,"[145.2977, -37.909]"
808,853,CAULFIELD NORTH 48 Halstead Street VIC 3161,680,5,3,2,House,-37.8755559,145.0288672,"[145.0288672, -37.8755559]"
809,854,NORTH MELBOURNE 138 Curzon Street VIC 3051,595,3,1,0,House,-37.8029,144.9482,"[144.9482, -37.8029]"
810,855,BRUNSWICK WEST 20 Hamilton Street VIC 3055,720,3,1,0,House,-37.7603,144.9502,"[144.9502, -37.7603]"
811,856,BERWICK 6 Poa Mews VIC 3806,385,2,1,1,House,-38.0,145.35,"[145.35, -38.0]"
812,857,SOMERVILLE 6 Cabernet Drive VIC 3912,500,3,2,2,House,-38.2186,145.2182,"[145.2182, -38.2186]"
813,858,CLYDE NORTH 26 Freiberger Grove VIC 3978,485,4,2,2,House,-38.1333,145.3333,"[145.3333, -38.1333]"
814,859,TRUGANINA 14 Jura Street VIC 3029,400,3,2,2,House,-37.8826,144.7003,"[144.7003, -37.8826]"
815,860,DOREEN 32 Peterborough Drive VIC 3754,450,4,2,2,House,-37.6,145.15,"[145.15, -37.6]"
816,861,WANTIRNA 24 St Clair Road VIC 3152,430,3,1,4,House,-37.85,145.2167,"[145.2167, -37.85]"
817,862,COBURG 41 Linsey Street VIC 3058,520,3,1,0,House,-37.75,144.9667,"[144.9667, -37.75]"
818,863,BORONIA 1 Valerie Street VIC 3155,425,3,1,0,House,-37.8667,145.2833,"[145.2833, -37.8667]"
819,864,NARRE WARREN 97 Darling Way VIC 3805,440,3,1,0,House,-38.0298,145.3034,"[145.3034, -38.0298]"
820,865,STRATHTULLOH 6 Jasper Way VIC 3338,380,3,2,2,House,-37.7077,144.5749,"[144.5749, -37.7077]"
821,866,CLIFTON HILL 81 Spensley Street VIC 3068,990,3,2,2,House,-37.7865,144.9897,"[144.9897, -37.7865]"
822,867,WODONGA 6 Bower Place VIC 3690,430,3,1,2,House,-36.0997,146.802,"[146.802, -36.0997]"
823,868,BENTLEIGH EAST 82 East Boundary Road VIC 3165,615,3,2,3,House,-37.9201,145.0599,"[145.0599, -37.9201]"
824,869,BRUNSWICK 30 Warne Street VIC 3056,620,2,2,1,House,-37.7667,144.9667,"[144.9667, -37.7667]"
825,870,ASCOT VALE 85A The Parade VIC 3032,680,3,2,2,House,-37.7808,144.9354,"[144.9354, -37.7808]"
826,871,WERRIBEE 4 Moonie Court VIC 3030,330,3,1,2,House,-37.8887,144.726,"[144.726, -37.8887]"
827,872,COBURG NORTH 26 De Chene Parade VIC 3058,550,3,1,2,House,-37.75,144.9667,"[144.9667, -37.75]"
828,873,SPRINGVALE 30 Victoria Avenue VIC 3171,430,3,1,2,House,-37.9457,145.1581,"[145.1581, -37.9457]"
829,874,MOUNT WAVERLEY 21 Bond Street VIC 3149,750,5,3,2,House,-37.8771,145.1294,"[145.1294, -37.8771]"
830,875,KENSINGTON 19 Henry Street VIC 3031,950,4,3,0,House,-37.7899,144.9226,"[144.9226, -37.7899]"
831,876,BULLEEN 15 The Crest VIC 3105,500,3,1,2,House,-37.7667,145.0833,"[145.0833, -37.7667]"
832,877,MOUNT ELIZA 5 Yewers Avenue VIC 3930,635,4,2,2,House,-38.1943,145.0926,"[145.0926, -38.1943]"
833,878,BENTLEIGH EAST 23 Normdale Road VIC 3165,490,4,2,2,House,-37.9201,145.0599,"[145.0599, -37.9201]"
834,879,OFFICER 10 Finnegan Way VIC 3809,520,4,2,2,House,-38.0592,145.4095,"[145.4095, -38.0592]"
835,880,HEIDELBERG WEST 28 Buna Street VIC 3081,0,2,1,1,House,-37.7531,145.0385,"[145.0385, -37.7531]"
836,881,SUNSHINE WEST 28 Murray Street VIC 3020,430,3,2,4,House,-37.775,144.8333,"[144.8333, -37.775]"
837,882,NEWPORT 55 River Street VIC 3015,440,2,1,0,House,-37.8302,144.8709,"[144.8709, -37.8302]"
838,883,FRANKSTON 3/44 Queen Street VIC 3199,560,4,2,2,House,-38.1333,145.1333,"[145.1333, -38.1333]"
839,884,COBURG 47 Bell Street VIC 3058,570,5,1,2,House,-37.75,144.9667,"[144.9667, -37.75]"
840,885,MALVERN EAST 10 Darling Road VIC 3145,899,5,2,2,House,-37.874,145.0425,"[145.0425, -37.874]"
841,886,SEAFORD 73 Kananook Avenue VIC 3198,680,4,2,2,House,-38.1049,145.1382,"[145.1382, -38.1049]"
842,887,NORTH MELBOURNE 136 Capel Street VIC 3051,640,3,1,0,House,-37.8029,144.9482,"[144.9482, -37.8029]"
843,888,BRIGHTON EAST 31 Primrose Crescent VIC 3187,520,2,1,2,House,-37.9014,145.0188,"[145.0188, -37.9014]"
844,889,WARRAGUL 23 Emberwood Road VIC 3820,495,4,2,2,House,-38.1591,145.9312,"[145.9312, -38.1591]"
845,890,CRANBOURNE 1/34 Circle Drive VIC 3977,470,3,2,2,House,-38.1375,145.2744,"[145.2744, -38.1375]"
846,891,WILLIAMSTOWN 125 Stevedore Street VIC 3016,530,2,1,1,House,-37.857,144.8977,"[144.8977, -37.857]"
847,892,POINT COOK 7 Selleck Drive VIC 3030,410,4,2,2,House,-37.8887,144.726,"[144.726, -37.8887]"
848,893,MERNDA 6 Cattlemen Way VIC 3754,460,4,2,2,House,-37.6,145.15,"[145.15, -37.6]"
849,894,GLADSTONE PARK 4 Elvin Close VIC 3043,470,3,1,4,House,-37.7013,144.881,"[144.881, -37.7013]"
850,895,PRESTON 15 Sylvester Grove VIC 3072,550,3,1,1,House,-37.75,145.0167,"[145.0167, -37.75]"
851,896,COBURG 37A Harding Street VIC 3058,625,4,2,0,House,-37.75,144.9667,"[144.9667, -37.75]"
852,897,SPRINGVALE SOUTH 3 Cooper Street VIC 3172,480,3,1,3,House,-37.9827,145.1342,"[145.1342, -37.9827]"
853,898,GISBORNE 47 Grant Avenue VIC 3437,470,3,2,2,House,-37.4886,144.5942,"[144.5942, -37.4886]"
854,899,DEANSIDE 1 Angul Parade VIC 3336,500,4,2,2,House,-37.0,145.0,"[145.0, -37.0]"
855,900,FRANKSTON NORTH 22 Lehmann Crescent VIC 3200,370,3,1,1,House,-38.1213,145.1552,"[145.1552, -38.1213]"
856,901,OAKLEIGH EAST 13 Elysium Crescent VIC 3166,430,3,1,3,House,-37.0,145.0,"[145.0, -37.0]"
857,902,FOREST HILL 3 Leddy Street VIC 3131,690,4,2,2,House,-37.8275,145.1739,"[145.1739, -37.8275]"
858,903,BEACONSFIELD 20 Copper Beech Road VIC 3807,515,4,2,2,House,-38.0327,145.3869,"[145.3869, -38.0327]"
859,904,SUNSHINE NORTH 9 Ball Street VIC 3020,350,3,1,1,House,-37.775,144.8333,"[144.8333, -37.775]"
860,905,WALLAN 18 Holly Drive VIC 3756,390,4,2,2,House,-37.418,145.0166,"[145.0166, -37.418]"
861,906,SPOTSWOOD 50 Hick Street VIC 3015,600,3,1,2,House,-37.8302,144.8709,"[144.8709, -37.8302]"
862,907,PRAHRAN 61 Chatsworth Road VIC 3181,600,2,2,1,House,-37.853,144.9929,"[144.9929, -37.853]"
863,908,RYE 7 Gawalla Street VIC 3941,625,3,2,2,House,-38.4141,144.8244,"[144.8244, -38.4141]"
864,909,FAWKNER 18 Bungay Street VIC 3060,450,3,1,5,House,-37.7167,144.9667,"[144.9667, -37.7167]"
865,910,BURNSIDE HEIGHTS 44 Mimosa Way VIC 3023,450,3,2,2,House,-37.7541,144.7651,"[144.7651, -37.7541]"
866,911,FITZROY NORTH 117 Rowe Street VIC 3068,790,3,1,0,House,-37.7865,144.9897,"[144.9897, -37.7865]"
867,912,WARRNAMBOOL 17 Shirley Grove VIC 3280,380,3,1,1,House,-37.0,145.0,"[145.0, -37.0]"
868,913,WERRIBEE 2/9 Valencia Lane VIC 3030,320,2,1,1,House,-37.8887,144.726,"[144.726, -37.8887]"
869,914,WEIR VIEWS 2 Shackell Street VIC 3338,390,4,2,2,House,-37.7077,144.5749,"[144.5749, -37.7077]"
870,915,BRUNSWICK WEST 126 Pearson Street VIC 3055,575,2,1,1,House,-37.7603,144.9502,"[144.9502, -37.7603]"
871,916,SANDRINGHAM 4 Cowper Street VIC 3191,2150,4,2,2,House,-37.95,145.0,"[145.0, -37.95]"
872,917,PORT MELBOURNE 25 Bridge Street VIC 3207,480,2,1,0,House,-37.8329,144.922,"[144.922, -37.8329]"
873,918,PAKENHAM 20 Bentley Court VIC 3810,430,3,2,1,House,-38.1333,145.5167,"[145.5167, -38.1333]"
874,919,CLYDE 29 Lucid Crescent VIC 3978,490,4,2,2,House,-38.1333,145.3333,"[145.3333, -38.1333]"
875,920,GLADSTONE PARK 2/8 Windermere Crescent VIC 3043,400,2,1,2,House,-37.7013,144.881,"[144.881, -37.7013]"
876,921,ST ALBANS 95 Atheldene Drive VIC 3021,340,3,1,2,House,-37.7371,144.8283,"[144.8283, -37.7371]"
877,922,NARRE WARREN 18 Nita Close VIC 3805,380,3,2,0,House,-38.0298,145.3034,"[145.3034, -38.0298]"
878,923,HAMPTON EAST 17 Katoomba Street VIC 3188,1100,5,3,4,House,-37.9374,145.0151,"[145.0151, -37.9374]"
879,924,BRUNSWICK 73 Albion Street VIC 3056,565,3,1,1,House,-37.7667,144.9667,"[144.9667, -37.7667]"
880,925,MAIDSTONE 131 Mitchell Street VIC 3012,350,3,1,1,House,-37.8302,144.8709,"[144.8709, -37.8302]"
881,926,GLENROY 11/70-74 Cardinal Road VIC 3046,395,2,1,1,House,-37.7,144.9333,"[144.9333, -37.7]"
882,927,DANDENONG NORTH 183 Rawdon Hill Drive VIC 3175,500,4,2,1,House,-37.9833,145.2,"[145.2, -37.9833]"
883,928,STRATHTULLOH 1 Hatfield Street VIC 3338,400,3,2,2,House,-37.7077,144.5749,"[144.5749, -37.7077]"
884,929,NORTH MELBOURNE 176 Chetwynd Street VIC 3051,500,2,1,0,House,-37.8029,144.9482,"[144.9482, -37.8029]"
885,930,COBBLEBANK 86 Riverside Con VIC 3338,410,4,2,2,House,-37.7077,144.5749,"[144.5749, -37.7077]"
886,931,ST KILDA 1 Neptune Street VIC 3182,850,3,1,1,House,-37.8633,144.9802,"[144.9802, -37.8633]"
887,932,WEIR VIEWS 3 Moroka Avenue VIC 3338,390,4,2,2,House,-37.7077,144.5749,"[144.5749, -37.7077]"
888,933,HILLSIDE 2 Santolin Drive VIC 3037,400,3,1,3,House,-37.7034,144.7619,"[144.7619, -37.7034]"
889,934,PAKENHAM 10 Hull Cresent VIC 3810,630,4,2,2,House,-38.1333,145.5167,"[145.5167, -38.1333]"
890,935,WARRAGUL 16 Tassel Drive VIC 3820,475,4,2,2,House,-38.1591,145.9312,"[145.9312, -38.1591]"
891,936,OAK PARK 5 Curie Avenue VIC 3046,400,3,1,3,House,-37.7,144.9333,"[144.9333, -37.7]"
892,937,OAKLEIGH 14 John Street VIC 3166,650,3,1,0,House,-37.8995,145.0811,"[145.0811, -37.8995]"
893,938,WEIR VIEWS 16 Barnato Street VIC 3338,410,4,2,2,House,-37.7077,144.5749,"[144.5749, -37.7077]"
894,939,HARKNESS 7 Maple Close VIC 3337,440,4,2,2,House,-37.6,144.6,"[144.6, -37.6]"
895,940,CAMBERWELL 128 Through Road VIC 3124,995,5,2,2,House,-37.8248,145.0705,"[145.0705, -37.8248]"
896,941,FAWKNER 1268 Sydney Road VIC 3060,395,3,1,2,House,-37.7167,144.9667,"[144.9667, -37.7167]"
897,942,RICHMOND 133 Buckingham Street VIC 3121,600,2,1,0,House,-37.8271,145.0064,"[145.0064, -37.8271]"
898,943,EYNESBURY 3 Elmore Avenue VIC 3338,450,4,2,2,House,-37.7077,144.5749,"[144.5749, -37.7077]"
899,944,MONT ALBERT 80 Victoria Crescent VIC 3127,540,4,1,2,House,-37.8128,145.1043,"[145.1043, -37.8128]"
900,945,BRUNSWICK WEST 27 Daly Street VIC 3055,580,2,1,0,House,-37.7603,144.9502,"[144.9502, -37.7603]"
901,946,KEW 38 Vaughan Cres VIC 3101,700,3,2,2,House,-37.8064,145.0309,"[145.0309, -37.8064]"
902,947,MALVERN EAST 244 Waverley Road VIC 3145,750,3,1,1,House,-37.874,145.0425,"[145.0425, -37.874]"
903,948,ASCOT VALE 38 Bank Street VIC 3032,490,2,1,1,House,-37.7808,144.9354,"[144.9354, -37.7808]"
904,949,DEVON MEADOWS 18 Olive Road VIC 3977,800,3,1,4,House,-38.1375,145.2744,"[145.2744, -38.1375]"
905,950,BERWICK 3 Penrith Court VIC 3806,550,4,2,1,House,-38.0,145.35,"[145.35, -38.0]"
906,951,WERRIBEE 182 Tarneit Road VIC 3030,325,3,1,1,House,-37.8887,144.726,"[144.726, -37.8887]"
907,952,MARIBYRNONG 107 Raleigh Road VIC 3032,725,5,3,2,House,-37.7808,144.9354,"[144.9354, -37.7808]"
908,953,WERRIBEE 28 Nantilla Crescent VIC 3030,495,4,2,4,House,-37.8887,144.726,"[144.726, -37.8887]"
909,954,WYNDHAM VALE 26 Lansell Road VIC 3024,355,4,2,4,House,-37.8291,144.5622,"[144.5622, -37.8291]"
910,955,HAMPTON 8 Banks Avenue VIC 3188,770,3,1,1,House,-37.9374,145.0151,"[145.0151, -37.9374]"
911,956,SANDRINGHAM 24 Dreadnought Street VIC 3191,1800,4,3,2,House,-37.95,145.0,"[145.0, -37.95]"
912,957,ATTWOOD 199 Erinbank Crescent VIC 3049,390,3,1,2,House,-37.6724,144.8919,"[144.8919, -37.6724]"
913,958,KEW 73A Brougham Street VIC 3101,725,3,2,1,House,-37.8064,145.0309,"[145.0309, -37.8064]"
914,959,TEMPLESTOWE 36 Tuckers Road VIC 3106,820,4,2,2,House,-37.75,145.1167,"[145.1167, -37.75]"
915,960,FITZROY 10 Leicester Street VIC 3065,850,3,2,0,House,-37.7984,144.9783,"[144.9783, -37.7984]"
916,961,PRESTON 1-2/102 Murray Road VIC 3072,650,4,2,2,House,-37.0,145.0,"[145.0, -37.0]"
917,962,CANTERBURY 62 Wentworth Avenue VIC 3126,1025,4,2,2,House,-37.8247,145.0848,"[145.0848, -37.8247]"
918,963,HUGHESDALE 188 Kangaroo Road VIC 3166,750,4,2,2,House,-37.8995,145.0811,"[145.0811, -37.8995]"
919,964,GLEN WAVERLEY 15 Tobias Avenue VIC 3150,650,5,3,2,House,-37.8856999,145.1689497,"[145.1689497, -37.8856999]"
920,965,KEW 36 Cypress Way VIC 3101,1495,4,4,2,House,-37.8064,145.0309,"[145.0309, -37.8064]"
921,966,BURWOOD 46 McIntyre Street VIC 3125,590,4,2,3,House,-37.8498,145.119,"[145.119, -37.8498]"
922,967,HAWTHORN 493 Glenferrie Road VIC 3122,3500,4,3,4,House,-37.8199,145.0358,"[145.0358, -37.8199]"
923,968,KEW 7 Lower Drive VIC 3101,1500,4,2,3,House,-37.8064,145.0309,"[145.0309, -37.8064]"
924,969,OAKLEIGH 13 Hilbert Court VIC 3166,620,3,1,2,House,-37.8995,145.0811,"[145.0811, -37.8995]"
925,970,PRAHRAN 3 Albert Street VIC 3181,580,3,1,0,House,-37.853,144.9929,"[144.9929, -37.853]"
926,971,CARLTON 22 Dorrit Street VIC 3053,1100,3,2,2,House,-37.8004,144.9684,"[144.9684, -37.8004]"
927,972,RICHMOND 29 Berry Street VIC 3121,795,3,1,0,House,-37.8271,145.0064,"[145.0064, -37.8271]"
928,973,BENTLEIGH EAST 108 Marlborough Street VIC 3165,730,4,2,4,House,-37.9201,145.0599,"[145.0599, -37.9201]"
929,974,CARLTON 201 Cardigan VIC 3053,1450,5,3,0,House,-37.8004,144.9684,"[144.9684, -37.8004]"
930,975,FITZROY NORTH 29 Falconer Street VIC 3068,1000,3,1,1,House,-37.7865,144.9897,"[144.9897, -37.7865]"
