address,price,beds,baths,parking,propertyTypeFormatted
address,price,beds,baths,parking,propertyTypeFormatted
SOUTH YARRA 12 MacFarlan Street VIC 3141,$625 per week,2,1,0,House
RICHMOND 104 Somerset Street VIC 3121,$695 per week,2,1,0,House
WEST MELBOURNE 78 Hawke Street VIC 3003,"$1,100.00",4,2,1,House
FITZROY 349 Fitzroy Street VIC 3065,$650 per week,2,1,0,Terrace
ST KILDA EAST 2 Kurrajong Avenue VIC 3183,$720.00,3,2,1,House
CAULFIELD NORTH 38 Park Crescent VIC 3161,$920.00,3,3,2,House
WODONGA 9 Huon Street VIC 3690,$400 per week,3,1,0,House
WODONGA 40 DAINTREE WAY VIC 3690,$450,3,2,2,House
WODONGA 16 TEAL COURT VIC 3690,$480,4,2,2,House
CHADSTONE 37 Margot Street VIC 3148,$395.00,2,1,3,House
FLINDERS 6 Bass Street VIC 3929,$1300 Per Week,5,2,2,House
HIGHETT 28 Wilson Street VIC 3190,$750.00,3,1,2,House
RICHMOND 17 King Street VIC 3121,$560 per week,2,1,1,House
CAMBERWELL 203 Highfield Road VIC 3124,"$1,150 per week",6,3,2,House
RICHMOND 4/52 Lyndhurst Street VIC 3121,$950 per week,3,2,1,House
GLEN IRIS 44 Francis Cres VIC 3146,$995.00,3,2,3,House
RICHMOND 609/14 David Street VIC 3121,$560 per week,2,2,1,House
MOONEE PONDS 80a Waverley Street VIC 3039,$750 PER WEEK,3,2,2,House
DROMANA 26 William Street VIC 3936,$585 per week,4,2,2,House
CAULFIELD SOUTH 1/12 Omar Street VIC 3162,$690 Per Week,3,2,2,Duplex
BRIGHTON 6 Laburnum Court VIC 3186,$550.00,2,1,1,House
address,price,beds,baths,parking,propertyTypeFormatted
GLEN IRIS 67 Florizel Street VIC 3146,$640.00,3,2,4,House
FITZROY NORTH 14 Park Street VIC 3068,"$1,200.00",3,2,1,House
ARMADALE 34c Rose Street VIC 3143,$650.00,2,1,0,House
GLEN IRIS 14 Grosvenor Road VIC 3146,$520 per week,2,1,2,House
ESSENDON 1A Ogilvie St VIC 3040,$560 weekly,3,1,1,House
UPWEY 64 Ferguson Street VIC 3158,$650 per week,3,1,2,House
ALBERT PARK 136 Richardson Street VIC 3206,$2500.00 per week,5,2,1,House
WODONGA 26 HUON STREET VIC 3690,$350,2,1,1,House
PRESTON 47 Gilbert Road VIC 3072,$700 per week,3,3,3,House
BLACK ROCK 112A Bluff Road VIC 3193,"$1,150 pw",3,1,0,House
NORTHCOTE 4/165 Clarke Street VIC 3070,$560 per week,2,1,1,House
CLIFTON HILL 133 Ramsden Street VIC 3068,$570 Per Week,2,1,0,House
BRUNSWICK 92 Brunswick Road VIC 3056,$660.00,3,1,0,House
CAMBERWELL 13 Warburton Road VIC 3124,$750.00,3,1,1,House
RICHMOND 19 Baker Street VIC 3121,$510 per week,3,1,0,House
MONT ALBERT NORTH 4 Melrose Street VIC 3129,$500 per week,3,1,2,House
EYNESBURY 30 Goulburn Way VIC 3338,$450 PER WEEK,4,2,2,House
ABBOTSFORD 12 Park Street VIC 3067,$675 Per Week,2,1,0,House
NUNAWADING 13 Brenda Court VIC 3131,"$550pw/$2,390pcm",3,1,1,House
HIGHETT 1/6 Turner Road VIC 3190,$715.00,4,2,2,House
address,price,beds,baths,parking,propertyTypeFormatted
CAMBERWELL 9 Ruyton Street VIC 3124,"$800pw/$3,476pcm",3,2,2,House
PRAHRAN 11 York Street VIC 3181,$690 Per Week,3,1,0,House
MOUNT WAVERLEY 54 Kemp Avenue VIC 3149,$450 per week,2,1,1,House
PORT MELBOURNE 85 Dunstan Parade VIC 3207,$650 per week,3,1,2,House
NOBLE PARK 44 Chandler Road VIC 3174,$525 pw,3,1,2,House
MOORABBIN 23 Hamer Street VIC 3189,$725.00,4,2,2,House
NORTHCOTE 10/2 Johnson Street VIC 3070,$330.00,1,1,1,House
SOUTH MELBOURNE 78 Palmerston Crescent VIC 3205,$820.00,2,2,0,House
OAKLEIGH 41 Bishop Street VIC 3166,$650.00,3,2,2,House
HUGHESDALE 15 Fintonia Street VIC 3166,$680,3,2,2,House
CHADSTONE 1/26 Adrian Street VIC 3148,$465,3,1,1,House
OAKLEIGH SOUTH 1292 North Road VIC 3167,$450 per week,3,1,5,House
BULLEEN 127 Willow Bend VIC 3105,$600 pw,4,2,2,House
HIGHETT 34 Donald St VIC 3190,$650.00,3,1,1,House
CARLTON 880 Swanston Street VIC 3053,"THE DEAL: $1,200 PER WEEK",4,1,0,House
KEYSBOROUGH 242 Chandler Road VIC 3173,$490.00,3,1,4,House
ABBOTSFORD 11 Turner Street VIC 3067,$550 per week,2,1,2,House
WINDSOR 15A The Avenue VIC 3181,THE DEAL: $850 PER WEEK,2,2,2,House
SOUTH YARRA 10 Nicholson Street VIC 3141,$600.00 Per Week,2,1,0,House
PRAHRAN 7 Larnook Street VIC 3181,$920.00,3,1,0,House
address,price,beds,baths,parking,propertyTypeFormatted
CLIFTON HILL 173 Spensley Street VIC 3068,$820 per week,3,1,0,House
BRUNSWICK 78 Hope Street VIC 3056,$620.00,2,1,0,House
BALACLAVA 4 Nightingale Street VIC 3183,"$1,050.00",4,3,1,House
ST KILDA EAST 6 Leslie Street VIC 3183,THE DEAL: $850 PER WEEK,2,2,1,House
SPRINGVALE SOUTH 2 Vella Court VIC 3172,$500.00,3,2,2,House
CHADSTONE 11 Binalong Ave VIC 3148,$525 weekly,3,1,3,House
PRAHRAN 2 Anchor Place VIC 3181,$1100 per week,3,2,1,House
ALPHINGTON 565 Heidelberg Road VIC 3078,$600,3,3,2,House
RIPPONLEA 7A Los Angeles Court VIC 3185,$680 per week,2,1,0,House
MORDIALLOC 3/25 Barkly Street VIC 3195,$700.00,3,2,2,Villa
BEAUMARIS 286A Balcombe Rd VIC 3193,$720.00,3,2,1,House
CHADSTONE 11 Evans Street VIC 3148,$590.00,3,2,2,House
SOUTH YARRA 72 Oban Street VIC 3141,"$1,300.00",3,2,2,House
WODONGA 1a Clarendon Avenue VIC 3690,$585,3,2,2,House
RICHMOND 24 Wertheim Street VIC 3121,$625 per week,2,2,1,House
SOUTH YARRA 19 Tivoli Road VIC 3141,$530.00,2,1,0,House
WODONGA 1 Buckland Court VIC 3690,$420,3,1,2,House
MOONEE PONDS 12 Vine Street VIC 3039,$650.00,3,1,1,House
OAK PARK 14 Forbes Grove VIC 3046,$500,3,2,2,House
THORNBURY 146 Raleigh Street VIC 3071,$850 per week,3,2,1,House
address,price,beds,baths,parking,propertyTypeFormatted
RICHMOND 2/94 Buckingham Street VIC 3121,$600 per week,2,1,1,House
ROCKBANK 11 Taro Walk VIC 3335,$360 PER WEEK,3,2,1,House
WEIR VIEWS 27 Fellows Street VIC 3338,$400 per week ($1738 pcm),4,2,2,House
THORNHILL PARK 18 Mclean Street VIC 3335,$400,3,2,2,House
BRUNSWICK EAST 250A Stewart Street VIC 3057,$750.00,3,2,2,House
DEEPDENE 5 Whitehorse Road VIC 3103,$850 per week,4,3,3,House
MALVERN EAST 1 Thurso St VIC 3145,$550.00,3,1,2,House
BRIGHTON EAST 26 Agnew St VIC 3187,$675.00,2,1,1,House
SPRINGVALE 4 Woodward Street VIC 3171,$700 Per Week,4,2,6,House
KEYSBOROUGH 19 Somerset Drive VIC 3173,$430 Per Week,3,1,3,House
CANTERBURY 31 Bryson Street VIC 3126,"$1,100.00",4,2,2,House
COBURG 25 Francis Street VIC 3058,$650.00,3,2,0,House
SOUTH YARRA 122 Hope Street VIC 3141,$775.00,2,1,2,House
CLIFTON HILL 105 Field Street VIC 3068,$950.00,4,2,1,House
CHADSTONE 40 Atkinson Street VIC 3148,$450.00,3,1,3,House
BRIGHTON EAST 39 Comer Street VIC 3187,"$1,100.00",4,2,2,House
NORTHCOTE 57 Bent Street VIC 3070,$570.00,2,1,0,House
GLEN WAVERLEY 34 Garrisson Drive VIC 3150,$629 per week,3,1,4,House
KEW 90 Edgevale Road VIC 3101,"$1,600.00",4,2,1,House
GARDENVALE 53 Elster Avenue VIC 3185,$950.00,3,2,2,House
address,price,beds,baths,parking,propertyTypeFormatted
ST KILDA 17 Charles Street VIC 3182,$650,2,1,2,House
BURWOOD EAST 617 Highbury Road VIC 3151,$700,4,2,5,House
SOUTH YARRA 3 Barry Street VIC 3141,$795.00,3,1,0,House
CHADSTONE 2/28 Rae Street VIC 3148,$600,3,2,2,House
BOX HILL SOUTH 43 Neville Street VIC 3128,$445.00,3,1,2,House
MONT ALBERT NORTH 9 Braemar Street VIC 3129,"$650pw/$2,824pcm",3,1,2,House
WEST FOOTSCRAY 18 Pitt Street VIC 3012,$590 weekly,3,2,3,House
DONCASTER EAST 2 Peter Street VIC 3109,"$640pw/$2,781pcm",5,2,2,House
COBURG 8 Grey Street VIC 3058,$630.00,5,2,0,House
ASHWOOD 7 Woolert Street VIC 3147,$400.00,2,1,1,House
CAULFIELD 14 Harcourt Ave VIC 3162,$950 weekly,3,2,2,House
THORNBURY 9 Harold Street VIC 3071,$905.00,3,1,1,House
HEIDELBERG HEIGHTS 562 Waterdale Rd VIC 3081,$385 weekly,2,1,4,House
TOORAK 99 Grange Road VIC 3142,$2200.00 Per Week,5,3,2,House
RICHMOND 89 Elizabeth Street VIC 3121,$425 per week,2,1,0,House
SOUTH YARRA 19 Balmoral Place VIC 3141,$1200 per week,3,3,2,House
BALWYN NORTH 18 Viewpoint Road VIC 3104,"$680pw/$2,955pcm",3,1,2,House
WODONGA 6 Batt Avenue VIC 3690,$350,3,2,4,House
CARNEGIE 353 Neerim Rd VIC 3163,$425 weekly,2,1,2,House
HAWTHORN 101/567 Glenferrie Road VIC 3122,$500.00,2,1,1,House
address,price,beds,baths,parking,propertyTypeFormatted
MITCHAM 26 Fellows Street VIC 3132,"$450pw/$1,955pcm",3,1,1,House
CAMBERWELL 27 Donna Buang Street VIC 3124,$1900 Per Week,6,4,5,House
TARNEIT 33 Stratus Street VIC 3029,$360 per week,3,2,2,House
TARNEIT 35 Stratus Street VIC 3029,$360 per week,3,2,2,House
CAULFIELD SOUTH 68 Dover Street VIC 3162,"$1,400 per week",5,3,3,House
GLEN IRIS 14/1517 Malvern Road VIC 3146,"$400pw/$1,738pcm",2,1,1,House
BRUNSWICK WEST 3/564C Moreland Road VIC 3055,$550,2,2,1,House
CHELSEA 6 Stayner Street VIC 3196,$460 weekly,2,1,1,House
RICHMOND 11 Corsair Street VIC 3121,$675 per week,2,1,0,House
GEELONG WEST 36 McDougall Street VIC 3218,$460.00,2,1,1,House
NORLANE 83 Waitara Grove VIC 3214,$495 weekly,4,2,2,House
MALVERN EAST 41 Chadstone Road VIC 3145,$950pw/$4.128pcm,5,2,3,House
FYANSFORD 11 Maskell Court VIC 3218,$480.00,3,2,1,House
SPRINGVALE 35 Wareham Street VIC 3171,650 Per Week,5,3,4,House
THORNBURY 86 Hutton Street VIC 3071,$650.00,3,1,1,House
NEWCOMB 5/111 Bellarine Hwy VIC 3219,$375 PER WEEK,2,1,1,House
BAYSWATER 2/62 Scoresby Road VIC 3153,$520.00 per week,4,2,2,House
WHEELERS HILL 48 Craig Hill Drive VIC 3150,"$650pw/$2,824pcm",4,2,2,House
BENTLEIGH EAST 19 Valkstone Street VIC 3165,$780.00,3,2,2,House
SOUTH YARRA 9/4 Davidson Street VIC 3141,$525 per week,2,1,2,House
address,price,beds,baths,parking,propertyTypeFormatted
PORT MELBOURNE 118 Clark Street VIC 3207,$800,3,1,0,House
BRUNSWICK 52 Hope Street VIC 3056,$850.00,4,1,2,House
BRIGHTON 1/20 Kent Avenue VIC 3186,$3500.00 per week,5,4,3,House
GLEN IRIS 55 Great Valley Road VIC 3146,$685,2,1,2,House
MCKINNON 234 Tucker Road VIC 3204,$625 per week,3,1,2,House
MOUNT DUNEED 22 Whites Rd VIC 3217,$500 weekly,4,2,2,House
CARLTON NORTH 345 Station Street VIC 3054,$650.00,2,1,0,House
BALWYN 37 Kireep Road VIC 3103,$720.00,4,2,2,House
GROVEDALE 75 Pethajohn Parade VIC 3216,$600 weekly,4,2,2,House
IVANHOE 89 Marshall Street VIC 3079,$510.00,2,1,2,House
SOUTH YARRA 22 Davis Avenue VIC 3141,"$1,500.00",3,2,1,House
MALVERN EAST 512/803 Dandenong Road VIC 3145,$500 per week,2,1,1,House
CAROLINE SPRINGS 16 Macedon Close VIC 3023,$450,3,2,2,House
GLEN HUNTLY 14 Hawson Avenue VIC 3163,$540.00,3,1,2,House
BUNDOORA 67 Weir Loop VIC 3083,$500 wk,3,2,2,House
ARMSTRONG CREEK 30 Edenhope Circuit VIC 3217,$530.00,4,2,2,House
MIDDLE PARK 167 Richardson Street VIC 3206,"$1,700.00",4,2,0,House
PRAHRAN 93 Chomley Street VIC 3181,$685.00,2,1,0,House
COBURG 100 Clarendon Street VIC 3058,$720.00,3,1,1,House
ST KILDA 61 Acland Street VIC 3182,$780 Per Week,2,1,0,House
address,price,beds,baths,parking,propertyTypeFormatted
OAKLEIGH SOUTH 25 Mimosa Avenue VIC 3167,$560,4,1,4,House
CROYDON 4 Allaware Avenue VIC 3136,"$500pw/$2,172pcm",3,1,2,House
BRIGHTON EAST 647 Hawthorn Road VIC 3187,$990,4,2,1,House
RICHMOND 57 Baker Street VIC 3121,$650 per week,3,1,1,House
COBURG 6 Rolls Street VIC 3058,$600.00,3,2,2,House
RINGWOOD EAST 8 Merry Street VIC 3135,"$550pw/$2,390pcm",4,2,2,House
FITZROY NORTH 62 Clauscen Street VIC 3068,$680,2,1,0,House
BRIGHTON EAST 78 Marriage Rd VIC 3187,"$1,000 weekly",4,2,1,House
KENSINGTON 25 Wolseley Parade VIC 3031,$ 995 per week,4,2,2,House
SOUTH MELBOURNE 14 Henderson Street VIC 3205,"$1,300.00",3,2,0,House
BRIGHTON 21 Elm Grove VIC 3186,$700.00,2,1,1,House
WINDSOR 26 Thomas Street South VIC 3181,$750.00,3,1,1,House
ABBOTSFORD 97 Stafford Street VIC 3067,$625 per week,2,1,0,House
HAWTHORN EAST 15/40 Harold Street VIC 3123,$600,2,2,1,House
CARLTON NORTH 46 Princes St VIC 3054,$550 weekly,2,1,0,House
BENTLEIGH EAST 31 Magnolia Avenue VIC 3165,$815,3,2,3,House
RICHMOND 25 Chestnut Street VIC 3121,$1100 per week,3,2,0,House
RICHMOND 46 Loyola Grove VIC 3121,$750 per week,3,2,2,House
ARMSTRONG CREEK 22 Falcon Street VIC 3217,$480 per week ($2086 pcm),4,2,2,House
CAULFIELD SOUTH 24 Brooklyn Avenue VIC 3162,$695.00,2,1,2,House
address,price,beds,baths,parking,propertyTypeFormatted
HUGHESDALE 26 Austin Street VIC 3166,$550 per week,3,1,2,House
GLEN WAVERLEY 38 Kauri Grove VIC 3150,$520 per week,3,2,1,House
SOUTH YARRA 57 Lang Street VIC 3141,$650 Per Week,2,1,1,House
RINGWOOD NORTH 29 Melview Drive VIC 3134,"$600pw/$2,607pcm",3,2,2,House
NEWTOWN 2/2 Melville Avenue VIC 3220,$570.00,2,2,2,House
PORT MELBOURNE 16 Byrne Street VIC 3207,$650.00 per week,3,1,1,House
BALWYN 1/18 Raynes Street VIC 3103,$860 per week,4,2,2,House
BALWYN NORTH 7 Nevada Street VIC 3104,"$760pw/$3,302pcm",5,2,2,House
HAWTHORN 2A Garden Street VIC 3122,850 per week,3,2,2,House
BEAUMARIS 25 Spicer Street VIC 3193,"$1,050 pw",4,2,2,House
CLAYTON SOUTH 4 Main Road VIC 3169,$595,3,2,2,House
RICHMOND 2 Neptune Street VIC 3121,$625 per week,2,1,1,House
NORTHCOTE 94 Helen Street VIC 3070,$720 per week,3,1,1,House
ALBERT PARK 54 O'Grady Street VIC 3206,"$1,350.00",3,2,1,House
WINDSOR 22 Union Street VIC 3181,THE DEAL: $880 PER WEEK,3,2,2,House
CLAYTON SOUTH 5 Bemboka Avenue VIC 3169,$540,3,2,2,House
RICHMOND 11 Bennett Street VIC 3121,$565 per week,2,1,0,House
BENTLEIGH EAST 16 Neville Street VIC 3165,$620 per week,3,2,2,House
BRUNSWICK 52-54 Tinning Street VIC 3056,"$1,400",7,3,0,House
MIDDLE PARK 175 Richardson Street VIC 3206,$890.00,3,1,0,House
address,price,beds,baths,parking,propertyTypeFormatted
HUGHESDALE 24 Euston Road VIC 3166,$675,4,2,3,House
COLLINGWOOD 73 Easey Street VIC 3066,$750 per week,3,1,0,House
BRIGHTON EAST 5 Lucas Street VIC 3187,"$1,049.00",3,2,2,House
MOOROOLBARK 33 Blackburn Road VIC 3138,"$485pw/$2,107pcm",3,1,2,House
COBURG 177 Urquhart Street VIC 3058,$620,3,2,1,House
BALWYN 19 Parkdale Avenue VIC 3103,$550.00,3,1,2,House
CRANBOURNE NORTH 6 Naila Court VIC 3977,$450 Per Week/$1847 PCM,4,2,2,House
PAKENHAM 104 Park Orchard Drive VIC 3810,$450 per week,4,2,2,House
PRAHRAN 42 Commercial Road VIC 3181,$560.00,2,1,2,House
PORT MELBOURNE 329 Howe Parade VIC 3207,$645 per week,3,1,2,House
NORTHCOTE 13 Bird Avenue VIC 3070,$600 per week,2,1,2,House
BRIGHTON 55 Durrant Street VIC 3186,$1200 pw,4,2,2,House
TRUGANINA 37 Award Crescent VIC 3029,$410 per week,3,2,3,House
HIGHTON 16 Homewood Lane VIC 3216,$499.00,3,2,2,House
MONT ALBERT 30 High Street VIC 3127,$995.00,4,2,2,House
GLEN HUNTLY 31 Foster Ave VIC 3163,$880 weekly,4,1,2,House
ALBERT PARK 53 Hambleton Street VIC 3206,"$1,450.00",4,2,0,House
YARRAVILLE 38 Urwin Street VIC 3013,$490.00 per week,2,1,1,House
RICHMOND 4 Wells Street VIC 3121,$650 pw,3,1,0,House
CANTERBURY 14 Avenue Athol VIC 3126,$1300 Per Week,4,3,3,House
address,price,beds,baths,parking,propertyTypeFormatted
WINDSOR 8 Union Street VIC 3181,NOW LET,3,1,1,House
TOORAK 23A Bruce Street VIC 3142,$1850 Per Week,3,3,2,House
MONT ALBERT 7 Agnes Street VIC 3127,$900 pw,4,2,2,House
BALNARRING BEACH 11 Hansens Lane VIC 3926,$1995 Per Week,4,4,2,House
TOORAK 16 Glyndebourne Avenue VIC 3142,$850.00,2,1,1,House
BRUNSWICK 4 McPherson Street VIC 3056,$750.00,3,2,0,House
PRAHRAN 40 Kelvin Grove VIC 3181,$815 per week,3,1,2,House
UPWEY 48 Thompson Road VIC 3158,$660 per week,4,2,2,House
ABBOTSFORD 48 Yarra Street VIC 3067,$900 per week,3,2,2,House
PORT MELBOURNE 31 Garton Street VIC 3207,$675.00,2,1,0,House
PORT MELBOURNE 114 Clark Street VIC 3207,$890.00,4,1,1,House
NEWTOWN 47 Clarke Street VIC 3220,$520.00,3,1,1,House
KEYSBOROUGH 36 Beau Vorno Avenue VIC 3173,$570.00,4,2,2,House
CARLTON 27 Elgin Street VIC 3053,$585.00,2,1,1,House
EAST MELBOURNE 12 Vale Street VIC 3002,"$1,150 per week",4,2,0,House
ASHBURTON 12 Carool Road VIC 3147,$550.00,2,1,1,House
ORMOND 284A Tucker Rd VIC 3204,$790 weekly,3,2,2,House
SURREY HILLS 65 Broughton Road VIC 3127,$550.00,3,1,1,House
BENTLEIGH EAST 46B Wingate Street VIC 3165,$825,3,2,2,House
BRUNSWICK 198 Barkly St VIC 3056,$950 weekly,3,2,1,House
address,price,beds,baths,parking,propertyTypeFormatted
CLYDE NORTH 7 Gillyweed Avenue VIC 3978,$470 per week ($2042 pcm),4,2,2,House
HAMPTON 11B Olive St VIC 3188,"$1,500.00",4,2,2,House
BRIGHTON EAST 54 Marriage Road VIC 3187,$820 Per Week,4,3,2,House
BRIGHTON 153 South Road VIC 3186,$850 pw,3,1,1,House
BRIGHTON 5 Airlie Street VIC 3186,"$1,200.00",3,2,1,House
PRAHRAN 24 Spring Street VIC 3181,$610 Per Week,2,1,0,House
ASHWOOD 7 Reid Street VIC 3147,$625.00,3,2,3,House
MALVERN 63 McArthur Street VIC 3144,$580.00,2,1,2,House
HAWTHORN EAST 26 Victoria Grove VIC 3123,$995.00,3,2,2,House
COLLINGWOOD 98 Johnston St VIC 3066,"$1,150 weekly",3,1,0,House
RICHMOND 2 Appleton Street VIC 3121,$625.00,3,1,0,House
GLEN IRIS 47 Somerset Road VIC 3146,$895.00,3,2,2,House
FAIRFIELD 28 Gillies Street VIC 3078,$750.00,2,1,1,House
ST KILDA EAST 7 Alexandra Street VIC 3183,$850.00,3,1,0,House
CAULFIELD 10 Urandaline Grove VIC 3162,$900 weekly,4,2,2,House
ALBERT PARK 43 Philipson Street VIC 3206,$680.00,3,1,0,House
BEVERIDGE 5 Hillcrest Road VIC 3753,$420 per week ($1825 pcm),4,2,2,House
GLEN IRIS 1 Lillian Street VIC 3146,"$1,080.00",4,2,2,House
PRAHRAN 2/16 Green Street VIC 3181,$740 Per Week,3,2,0,House
SOUTH MELBOURNE 13 Martin Street VIC 3205,"$1,100.00",3,2,2,House
address,price,beds,baths,parking,propertyTypeFormatted
BURWOOD EAST 20 Ellesmere Road VIC 3151,"$450pw/$1,955pcm",3,2,0,House
BRIGHTON EAST 33 Landcox Street VIC 3187,"$1,150.00",4,3,2,House
BENTLEIGH 11. Plym Street VIC 3204,$550.00,4,2,2,House
CAULFIELD NORTH 24 Orrong Crescent VIC 3161,$950 per week,4,3,2,House
ARMADALE 33 Barkly Ave VIC 3143,"$1,100 weekly",3,2,0,House
BRIGHTON EAST 2A Granter Street VIC 3187,$525.00,2,1,1,House
BENTLEIGH EAST 872 Centre Road VIC 3165,$750 weekly,3,2,4,House
BENTLEIGH 1B Castles Road VIC 3204,$740.00,3,3,1,House
RICHMOND 121 Lord Street VIC 3121,$950 per week,3,2,2,House
ELWOOD 18 Kingsley St VIC 3184,$630 weekly,2,1,2,House
PRAHRAN 6/10 Lalbert Crescent VIC 3181,"$1,100.00",3,2,2,House
DONCASTER EAST 34 Bellevue Avenue VIC 3109,"$695pw/$3,020pcm",4,2,2,House
THORNBURY 23 Clyde Street VIC 3071,$780.00,4,1,1,House
TOORAK 21 Iona Avenue VIC 3142,"$2,500.00",4,2,2,House
YARRAVILLE 65 Francis Street VIC 3013,$550.00,2,1,1,House
RINGWOOD 16 Lilian Parade VIC 3134,$540 per week,3,1,1,House
ELTHAM 23 Frank Street VIC 3095,$500.00 per week,4,1,2,House
GLEN WAVERLEY 2 Burramine Road VIC 3150,$880 pw,5,2,2,House
RICHMOND 6 Fordham Court VIC 3121,$460,2,1,1,House
WEST MELBOURNE 603 Spencer Street VIC 3003,$525 per week,2,1,1,House
address,price,beds,baths,parking,propertyTypeFormatted
MALVERN EAST 748 Warrigal Road VIC 3145,$470,3,1,4,House
CAULFIELD SOUTH 26 Lygon Street VIC 3162,$450,2,1,3,House
TOORAK 4 Nareeb Court VIC 3142,"$1,200.00 Per Week",5,3,3,House
BROOKFIELD 76 Manooka Road VIC 3338,$400,4,2,2,House
CROYDON 11 Maggs Street VIC 3136,"$450pw/$1,955pcm",3,1,2,House
SEAFORD 93 Kirkwood Avenue VIC 3198,$550 per week,3,1,3,House
BENTLEIGH EAST 26a Bonny Street VIC 3165,"$1,300.00",4,3,2,House
MORNINGTON 4 Lucerne Avenue VIC 3931,$640.00,3,2,2,House
LEOPOLD 6 Headland Drive VIC 3224,$480.00,4,2,2,House
WILLIAMSTOWN 10 Gellibrand Street VIC 3016,$530.00,3,1,0,House
PORTSEA 3764 Point Nepean Road VIC 3944,$1100 pw,3,2,2,House
ARMADALE 1 Watson Street VIC 3143,$500.00,2,1,0,House
WODONGA 92 Wilson Street VIC 3690,$390,3,1,0,House
HIGHETT 31A Tweed St VIC 3190,$740.00,3,2,2,House
CAIRNLEA 403/118 Cairnlea Drive VIC 3023,$390 per week,2,2,1,House
BURWOOD 29 Loudon Road VIC 3125,"$525pw/$2,281pcm",2,1,0,House
RICHMOND 94 Coppin Street VIC 3121,$650 per week,2,1,1,House
WINDSOR 53 Duke Street VIC 3181,$520 pw,2,1,0,House
BALWYN NORTH 3 Ajana Street VIC 3104,"$1,150pw/$4,997pcm",4,2,2,House
TOORAK 24 Montalto Avenue VIC 3142,$2500 Per Week,4,3,3,House
address,price,beds,baths,parking,propertyTypeFormatted
ST KILDA EAST 29 Godfrey Avenue VIC 3183,$780 weekly,3,1,0,House
BENTLEIGH EAST 18 Latham Street VIC 3165,$860,4,3,1,House
SOUTH YARRA 12 MacFarlan Street VIC 3141,$625 per week,2,1,0,House
TOORAK 10 Ormsby Grove VIC 3142,$1450 per week,2,2,4,House
BRIGHTON EAST 700 Hawthorn Road VIC 3187,$590.00,3,1,1,House
RICHMOND 11 Shelley Street VIC 3121,$450 per week,2,1,0,House
COLLINGWOOD 10 Bendigo Street VIC 3066,$630.00,3,1,1,House
ALTONA NORTH 11 Carthy Street VIC 3025,$460.00,3,1,2,House
RICHMOND 26 Buckingham Street VIC 3121,$625 per week,2,2,1,House
THORNBURY 140A Collins Street VIC 3071,$630.00,3,2,1,House
TALLANGATTA 201 Yabba Road VIC 3700,$470,3,1,2,House
BRUNSWICK 43A Thistle Street VIC 3056,$560.00,2,2,1,House
NORTH MELBOURNE 647 Queensberry Street VIC 3051,$480.00,2,1,0,House
CARLTON 3 Chummie Place VIC 3053,$875.00,4,2,1,House
CAULFIELD SOUTH 14 Sussex Road VIC 3162,$595 weekly,2,1,2,House
WODONGA 18 STANGER COURT VIC 3690,$450,3,2,2,House
BRUNSWICK WEST 715/5 Olive York Way VIC 3055,$430 per week,2,1,1,House
CAULFIELD SOUTH 1 Rotorua Street VIC 3162,$700.00,2,1,2,House
LARA 3 Flinders Avenue VIC 3212,$450.00,3,1,2,House
PASCOE VALE 543 Pascoe Vale Road VIC 3044,$410 Per Week,3,1,2,House
address,price,beds,baths,parking,propertyTypeFormatted
MONT ALBERT NORTH 70 Melrose Street VIC 3129,"$680pw/$2,955pcm",3,2,2,House
OAKLEIGH 11 Patrick Street VIC 3166,$480.00,3,1,2,House
BRIGHTON 26 Budd Street VIC 3186,$795.00,3,1,1,House
BELMONT 4 Sullivan Court VIC 3216,$470.00,3,1,4,House
LALOR 24 Gratwick Street VIC 3075,$500.00,5,2,3,House
NORTH MELBOURNE 134 Capel Street VIC 3051,$525,3,1,0,House
ELSTERNWICK 10 Elm Street VIC 3185,$760 Per Week,2,1,1,House
WEIR VIEWS 36 Skypac Street VIC 3338,$410 per week ($1782 pcm),4,2,2,House
STRATHTULLOH 14 Trafalgar Street VIC 3338,$400 per week ($1738 pcm),4,2,2,House
BRUNSWICK WEST 50 Burnell Street VIC 3055,$700.00,4,1,0,House
PARK ORCHARDS 130 Corriedale Crescent VIC 3114,$650.00,3,1,2,House
ARMADALE 21 Valentine Grove VIC 3143,"$1,150.00",3,1,1,House
CARNEGIE 112 Koornang Road VIC 3163,$370 per week,2,1,1,House
HIGHETT 13 Middleton Street VIC 3190,$600 pw,3,1,6,House
MALVERN 7 Haverbrack Avenue VIC 3144,$3500 Per Week,5,4,2,House
BENTLEIGH EAST 21 Blamey Street VIC 3165,$625,4,2,4,House
WINDSOR 58 Peel Street VIC 3181,$575 Per Week,2,1,0,House
BRIGHTON EAST 24 Studley Road VIC 3187,$995.00 Per Week,4,3,4,House
HAWTHORN 408 Auburn Road VIC 3122,$830.00,3,2,2,House
DONCASTER 8 Glenda Street VIC 3108,"$600pw/$2,607pcm",4,1,2,House
address,price,beds,baths,parking,propertyTypeFormatted
CHADSTONE 10 Evans Street VIC 3148,$420,3,2,5,House
MALVERN EAST 64 Argyll Street VIC 3145,$450,4,1,2,House
MOUNT WAVERLEY 2 Sunnyside Road VIC 3149,$450,3,1,0,House
BRIGHTON 478 New Street VIC 3186,$2200 Per Week,5,3,2,House
GROVEDALE 11 Camira Court VIC 3216,$400 weekly,3,1,1,House
MONT ALBERT 52 Victoria Crescent VIC 3127,$1500 pw,4,3,2,House
KEW EAST 46 Munro Street VIC 3102,$540 per week,3,2,1,House
SOUTH YARRA 27 Myrtle Street VIC 3141,THE DEAL: $675 PER WEEK,2,1,0,House
KEW 1 Molesworth Street VIC 3101,$3500,6,6,8,House
BEAUMARIS 28b Hornby Street VIC 3193,"$1,100.00",5,2,4,House
PRAHRAN 49 Highbury Grove VIC 3181,"$1,100 per week",3,2,1,House
MALVERN EAST 126 Darling Road VIC 3145,$600 per week,2,1,1,House
ROCKBANK 18 Amaya Way VIC 3335,$385,3,2,0,House
BEAUMARIS 4 Waratah Avenue VIC 3193,$600 pw,3,1,3,House
GLEN IRIS 24 Gardiner Parade VIC 3146,$1550 pw,5,2,2,House
ST KILDA EAST 25 Holroyd Avenue VIC 3183,"$1,650.00",5,2,4,House
HAMPTON 8 Gillies St VIC 3188,$780.00,3,1,2,House
CLIFTON HILL 42 O'Grady Street VIC 3068,$975.00,3,1,0,House
FITZROY NORTH 30 Woodside Street VIC 3068,$750.00,2,1,0,House
SANDRINGHAM 34 Victoria Street VIC 3191,"$1,290.00",3,2,2,House
address,price,beds,baths,parking,propertyTypeFormatted
DEANSIDE 19 Amreli St VIC 3336,$440,4,2,2,House
ABBOTSFORD 270 Langridge Street VIC 3067,$470,1,1,0,House
WINDSOR 1 David Lane VIC 3181,"$1,400.00",4,2,1,House
HAWTHORN EAST 2 Airedale Avenue VIC 3123,"$1,800.00",4,2,4,House
BRIGHTON 16 Nepean Highway VIC 3186,$910.00,5,5,4,House
MALVERN EAST 416/803 Dandenong Road VIC 3145,$500 per week,2,2,1,House
BRIGHTON 8 Champion Street VIC 3186,"$2,100.00",5,3,4,House
WATSONIA 48 Frensham Road VIC 3087,$450,3,1,2,House
NORTHCOTE 334A Separation Street VIC 3070,$680.00,3,2,2,House
NORTHCOTE 27 Hawthorn Road VIC 3070,"$1,050.00",4,1,0,House
MALVERN EAST 5 James Parade VIC 3145,$620.00,3,1,2,House
DANDENONG NORTH 1559 Heatherton Road VIC 3175,$380,3,1,2,House
ALBERT PARK 74 Barrett Street VIC 3206,"$1,250.00",3,2,1,House
NORTH MELBOURNE 207/720 Queensberry Street VIC 3051,$565.00,2,1,1,House
KEW 9 Derby Street VIC 3101,"$1,050.00",3,2,2,House
POINT COOK 25 Living Cres VIC 3030,420pw,4,2,2,House
BEAUMARIS 11-13 Tibbles Street VIC 3193,$895.00,4,2,2,House
FITZROY NORTH 108 Best Street VIC 3068,"$1,300.00",4,3,2,House
WINDSOR 24 Union Street VIC 3181,$800 Per Week,3,1,0,House
BRIGHTON 2/361 St Kilda St VIC 3186,"$1,100.00",3,2,2,House
address,price,beds,baths,parking,propertyTypeFormatted
OAKLEIGH EAST 1 Shafton Street VIC 3166,$440,3,1,2,House
BROOKFIELD 34 Faircroft Drive VIC 3338,$410,4,2,2,House
OAKLEIGH SOUTH 10 Peter Street VIC 3167,$490,3,1,2,House
CLAYTON 1/2 Mary Street VIC 3168,$360,2,1,1,House
GLEN IRIS 54 Liston Street VIC 3146,$595,4,2,4,House
BRIGHTON 42 Dendy Street VIC 3186,$2600.00 Per Week,4,3,2,House
MOUNT WAVERLEY 20 Heany Street VIC 3149,$480,3,1,4,House
CLAYTON 14 Cantala Street VIC 3168,$390,3,1,4,House
BRIGHTON 133 North Road VIC 3186,"$2,500 per week",4,2,3,House
CHADSTONE 2 Cole Crescent VIC 3148,$570,3,1,4,House
CHADSTONE 8 Railway Parade South VIC 3148,$385,2,1,1,House
BENTLEIGH EAST 11 Larman Street VIC 3165,$510,4,1,1,House
CAMBERWELL 7 Cooloongatta Road VIC 3124,$650 pw,2,1,3,House
HUGHESDALE 10 Swindon Road VIC 3166,$650,4,2,2,House
PATTERSON LAKES 24 Wetland Drive VIC 3197,$795.00,4,2,4,House
BRUNSWICK 93 Davies Street VIC 3056,$495.00,2,2,0,House
CLAYTON 68 Margaret Street VIC 3168,$500,3,1,3,House
CLAYTON 17 Evelyn Street VIC 3168,$495.00,3,1,3,House
BARANDUDA 10 FOXGLOVE TERRACE VIC 3691,$480,3,2,2,House
NEWPORT 201 Mason Street VIC 3015,$520 per week,3,1,1,House
address,price,beds,baths,parking,propertyTypeFormatted
WEST MELBOURNE 29 Ireland Street VIC 3003,$1200 per week,3,2,1,House
MULGRAVE 77 Wanda Street VIC 3170,$500 per week,3,1,3,House
INDIGO VALLEY 846 Indigo Creek Road VIC 3688,$650 per week,5,3,3,House
OAKLEIGH 12A Palmer Street VIC 3166,$510,2,1,1,House
SOUTH YARRA 10 Marne Street VIC 3141,$1000 Per Week,4,2,2,House
NOTTING HILL 14 Hunsford Road VIC 3168,$450,3,1,3,House
LENEVA 50 Streets Road VIC 3691,$525 per week,4,2,2,House
BARANDUDA 22 Lanning Street VIC 3691,$650 per week,4,2,6,House
MOUNT PLEASANT 246 Elsworth Street VIC 3350,$410 Per Week,4,2,2,House
WODONGA 2 Parkland Drive VIC 3690,$580 pw,3,2,2,House
WODONGA 40 Elm Street VIC 3690,$375 pw,3,1,2,House
MIDDLE PARK 86 Hambleton Street VIC 3206,"$1,500 per week",4,2,0,House
WODONGA 3 Coulston Street VIC 3690,$540 per week,4,2,2,House
COLAC 15 Kettle Street VIC 3250,$440 weekly,3,1,2,House
BRUNSWICK 19 Latrobe Street VIC 3056,$595 per week,2,1,1,House
ESSENDON 34A Brewster Street VIC 3040,"$1,400 per week",4,3,2,House
CARLTON 70 Palmerston Street VIC 3053,$550 per week,2,1,0,House
CLYDE NORTH 6 Woolly Parade VIC 3978,$600 pw,4,2,2,House
WODONGA 1 Hill Street VIC 3690,$405 per week,3,1,2,House
ALFREDTON 8 Armagh Street VIC 3350,$480 Per Week,4,2,2,House
address,price,beds,baths,parking,propertyTypeFormatted
CARLTON 119-121 Palmerston Street VIC 3053,$2600 per week,4,3,1,House
FERNTREE GULLY 19 Bowen Street VIC 3156,$350 p.w.,2,1,0,House
BORONIA 2 McDonald Crescent VIC 3155,$400 p.w.,3,1,1,House
WANTIRNA SOUTH 81 Wallace Road VIC 3152,$440,3,2,2,House
ALBERT PARK 82 Reed Street VIC 3206,$1400 per week,3,2,1,House
MORDIALLOC 3 Crown Avenue VIC 3195,$580 per week,3,1,1,House
WERRIBEE 66 Powlett Street VIC 3030,$400 pw,4,2,2,House
NORTH MELBOURNE 455 Dryburgh Street VIC 3051,$650 per week,3,1,1,House
BEECHWORTH 12 Thompson Street VIC 3747,$380 per week,3,2,1,House
PRAHRAN 1/1 Williams Road VIC 3181,$560 per week,2,2,1,House
WODONGA 276 Beechworth Road VIC 3690,$500 per week,3,1,4,House
ELWOOD 72 Foam Street VIC 3184,$850 per week,3,2,1,House
WODONGA 18 Marie Drive VIC 3690,$440 per week,3,1,2,House
COLAC 8 Dowling St VIC 3250,APPLICATIONS PENDING,2,1,0,House
WINCHELSEA 4 Jordyn Cl VIC 3241,$440 weekly,3,1,1,House
SEDDON 8 Browning Street VIC 3011,$550 per week,2,1,1,House
BOX HILL SOUTH 22 Piedmont Street VIC 3128,$380,2,1,2,House
ROWVILLE 1 Augusta Court VIC 3178,$510,3,2,2,House
ALBERT PARK 47 St Vincent Street VIC 3206,$925 per week,3,2,0,House
FERNTREE GULLY 34 McIver Street VIC 3156,$470,3,1,3,House
address,price,beds,baths,parking,propertyTypeFormatted
PORTLAND 1 Rossdell Street VIC 3305,$350,3,1,4,House
MORDIALLOC 19 Reys Close VIC 3195,"$1,100 per week",5,3,2,House
MORDIALLOC 4 Hyland Street VIC 3195,$780 per week,4,2,2,House
MOORABBIN 26 Franklin Street VIC 3189,$590 per week,3,1,1,House
MOORABBIN 19 Central Ave VIC 3189,$525,3,1,2,House
HAMPTON 1 Bronte Court VIC 3188,"$3,000 per week",4,4,2,House
WODONGA 1/27 Leonard Street VIC 3690,$430 per week,3,1,3,House
COLAC 60 Stewart Street VIC 3250,$370 per week,3,1,2,House
TRENTHAM 9 Albert Street VIC 3458,$430.00,2,1,0,House
WERRIBEE 1/12 Silver Street VIC 3030,$350,3,2,1,House
PAKENHAM 7 Tyalla Way VIC 3810,$420 Per Week,3,2,1,House
MERNDA 14 Coliban Drive VIC 3754,$540.00 per week,4,2,2,House
SUNBURY 12 Magdalene Court VIC 3429,$475,4,2,2,House
DOREEN 31 Towerhill Avenue VIC 3754,$625.00 per week,4,2,2,House
HOPPERS CROSSING 108 Sycamore Street VIC 3029,$500.00 per week,4,2,2,House
DEER PARK 60 Hatchlands Drive VIC 3023,$380.00 per week,3,2,2,House
VERMONT SOUTH 19 Barradine Crescent VIC 3133,$420,3,1,2,House
FLEMINGTON 143 Victoria Street VIC 3031,$580 per week,3,1,1,House
THORNBURY 56 Mansfield Street VIC 3071,$570.00 Per week,2,1,4,House
PRESTON 17 St Georges Road VIC 3072,$595.00 Per week,2,1,4,House
address,price,beds,baths,parking,propertyTypeFormatted
MERNDA 20 Georgia Drive VIC 3754,$395.00 per week,3,2,1,House
OAK PARK 1/16 Curie Avenue VIC 3046,$500,3,1,2,House
CRANBOURNE WEST 2 Creekview Way VIC 3977,$500 per week,4,2,2,House
CRANBOURNE NORTH 11 Ottelia Street VIC 3977,$570 Per Week,4,2,2,House
MEADOW HEIGHTS 65 Bicentennial Crescent VIC 3048,$410 per week,3,2,2,House
WILLIAMSTOWN 86 John Street VIC 3016,$800 per week,3,2,0,House
MENTONE 3 Avenza Street VIC 3194,$750.00,3,1,3,House
HAMPTON EAST 49 Charming Street VIC 3188,$590.00,3,1,2,House
WANTIRNA 8 Amersham Drive VIC 3152,$750 Per Week pw,4,2,2,House
PAKENHAM 1 Manna Gum Drive VIC 3810,$480 pw,4,2,2,House
CRANBOURNE 5 Woodright Circuit VIC 3977,$410.00 pw,3,2,2,House
HAMPTON 36 Ludstone Street VIC 3188,$995.00,4,2,2,House
DERRIMUT 5 Lawn Hill Avenue VIC 3026,$500,4,2,2,House
MOONEE PONDS 204/21 Lethbridge Street VIC 3039,Price on request,2,1,1,House
DARLEY 4 Davies Street VIC 3340,355.00,3,1,0,House
FERNTREE GULLY 12 Ketwick Court VIC 3156,$450 pw,4,1,2,House
SUNBURY 2 Sweep Court VIC 3429,$500,4,2,2,House
SOUTH YARRA 19 Commercial Road VIC 3141,$800 per week,4,1,2,House
BERWICK 34 Marlborough Road VIC 3806,$525 Per Week,3,2,2,House
STRATHMORE 59 Hillsyde Parade VIC 3041,$550.00,3,1,2,House
address,price,beds,baths,parking,propertyTypeFormatted
FRANKSTON NORTH 11 Burdette Street VIC 3200,$390,3,1,2,House
ALBERT PARK 26 Mills Street VIC 3206,$900.00,2,1,0,House
LYNBROOK 33 Harris Street VIC 3975,$450.00 pw,3,2,2,House
PAKENHAM 5 Earhart Street VIC 3810,$465 per week,4,2,2,House
WYNDHAM VALE 22 Pillar Road VIC 3024,$450,4,2,2,House
LAVERTON A/124 Bladin Street VIC 3028,$390,3,2,5,House
WILLIAMS LANDING 205/38 Clark Street VIC 3027,$360,1,1,0,House
DERRIMUT 21 Fernhurst Avenue VIC 3026,$400,3,2,2,House
TARNEIT 3 Annies Way VIC 3029,Price on Application,3,2,4,House
KINGS PARK 417 Taylors Road VIC 3021,$360 pw,3,1,3,House
WILLIAMSTOWN 168 Douglas Parade VIC 3016,$630.00,3,1,2,House
WILLIAMSTOWN 123 Hanmer Street VIC 3016,$650,2,1,0,House
GLEN IRIS 32B Vears Road VIC 3146,$780.00,3,2,2,House
SPRINGVALE 22 Ann Street VIC 3171,$420 weekly,4,1,1,House
CHELTENHAM 37 Wallingford Street VIC 3192,$680.00,4,2,4,House
PAKENHAM 26 Lisa Avenue VIC 3810,$500.00 per week,4,2,2,House
HOPPERS CROSSING 5 Reserve Road VIC 3029,$460,4,2,2,House
WERRIBEE 20 Gosfield Drive VIC 3030,$360,3,2,1,House
BENTLEIGH 9B Gordon Street VIC 3204,$950 per week,3,2,1,House
SPRINGVALE 2/61 St Johns Avenue VIC 3171,$620 weekly,4,3,2,House
address,price,beds,baths,parking,propertyTypeFormatted
PATTERSON LAKES 222 Gladesville Blvd VIC 3197,$650 per week,3,2,3,House
WEIR VIEWS 41 Samuel Rd VIC 3338,$410 weekly,4,2,2,House
BRUNSWICK WEST 532 Albion Street VIC 3055,"$510pw / $2,216pcm",3,1,1,House
WERRIBEE 8 Dongala Drive VIC 3030,$460,4,3,2,House
SUNBURY 54 Wedmore Crescent VIC 3429,$550,4,2,2,House
EDITHVALE 24 Field Avenue VIC 3196,$500.00,2,2,5,House
CLYDE NORTH 35 Kilmarnock Way VIC 3978,$420 per week,3,2,2,House
CAROLINE SPRINGS 38C The Avenue VIC 3023,$465,3,2,2,House
CHELSEA 11 Drinan Road VIC 3196,$630.00 pw,4,2,1,House
WERRIBEE 18 Heathwren View VIC 3030,$420,4,3,2,House
FRANKSTON 9 Gould Street VIC 3199,$690,3,2,1,House
RIDDELLS CREEK 16 Bluegum Circuit VIC 3431,$600.00,4,2,2,House
CHELTENHAM 57 Brampton Street VIC 3192,$480.00,3,1,3,House
BEAUMARIS 65 Morey Road VIC 3193,$625.00,3,1,2,House
PAKENHAM 5 Montalto Drive VIC 3810,$560 Per Week,4,2,2,House
UPPER FERNTREE GULLY 1353 Burwood Highway VIC 3156,$580.00 per week,3,2,3,House
CRANBOURNE WEST 29 Statham View VIC 3977,$480 per week,4,2,2,House
ST KILDA EAST 9C Wando Grove VIC 3183,$720.00 per week,3,2,1,House
SOUTH YARRA 1206/7 Claremont Street VIC 3141,$480p.w.,1,1,1,House
PAKENHAM 14 Hayes Court VIC 3810,$450 per week,4,2,2,House
address,price,beds,baths,parking,propertyTypeFormatted
WILLIAMSTOWN 17 Clark Street VIC 3016,$480 per week,2,1,1,House
THORNBURY 135 Shaftesbury Parade VIC 3071,$570 per week,3,1,2,House
BRUNSWICK 103 Union Street VIC 3056,$580pw / $2520pcm,3,1,0,House
CARLTON NORTH 406 Station Street VIC 3054,$590.00,2,1,1,House
FERNTREE GULLY 46 Norvel Road VIC 3156,$520 per week,3,2,2,House
WANTIRNA 9 Hibiscus Street VIC 3152,$520.00 per week,5,2,2,House
PAKENHAM 10 Griffin Street VIC 3810,$500 Per Week,4,2,2,House
DROUIN 15 Norman Road VIC 3818,$450 per week,4,2,2,House
WARRAGUL 102 Crole Drive VIC 3820,$510 per week,4,2,2,House
TARNEIT 4 Maven Way VIC 3029,$375,2,1,1,House
DROUIN 18 Carbine Court VIC 3818,$495 P/W INC GARDEN PACKAGE,3,2,2,House
VERMONT 760 Canterbury Road VIC 3133,$505,4,2,2,House
YARRAVILLE 29A Bena Street VIC 3013,$750.00,3,2,1,House
THORNBURY 82 Hutton Street VIC 3071,$650.00,2,1,2,House
MELTON SOUTH 48 Coburns Road VIC 3338,$330 per week,3,1,3,House
PRAHRAN 31 McIlwrick Street VIC 3181,$890 per week,3,1,2,House
VERMONT 544 Canterbury Road VIC 3133,$400,2,1,0,House
GREENVALE 11 Serendip Crescent VIC 3059,$450,3,2,2,House
FAWKNER 72 James Street VIC 3060,$400 Per Week,2,1,2,House
ROWVILLE 50 Spruce Drive VIC 3178,$525 per week,4,2,2,House
address,price,beds,baths,parking,propertyTypeFormatted
OFFICER 7 Zoe Lane VIC 3809,$450 p.w.,4,2,2,House
MELTON WEST 20 Bickley Street VIC 3337,$400,4,2,2,House
BERWICK 120 Avebury Drive VIC 3806,$470 p.w.,4,2,2,House
SUNBURY 9/39 Cornish Street VIC 3429,$360,2,1,1,House
MIDDLE PARK 19 Nimmo Street VIC 3206,$650.00 per week,2,1,0,House
PAKENHAM 54 Webster Way VIC 3810,$480 per week,4,2,2,House
WARRNAMBOOL 18 Carolyn Crescent VIC 3280,$450,3,1,2,House
GLENROY 109 Loongana Avenue VIC 3046,$495.00 Per week,3,1,4,House
WERRIBEE 46 Kiely Avenue VIC 3030,$365 per week,3,1,6,House
BEAUMARIS 41 Alfred Street VIC 3193,$450.00,2,1,2,House
WARRNAMBOOL 6 Verdon St VIC 3280,$380,3,1,3,House
SOUTH YARRA 6 Cliff Street VIC 3141,$795 per week,2,1,0,House
ASCOT VALE 99 Ascot Vale Road VIC 3032,$695pw / $3020pcm,3,2,1,House
PAKENHAM 18 Stable Street VIC 3810,$480 per week,4,2,2,House
POINT COOK 16 Hewett Drive VIC 3030,$430 pw,3,2,2,House
PAKENHAM 25 Clarendon Street VIC 3810,$490 per week,4,2,2,House
MITCHAM 1/25 Glenburnie Road VIC 3132,$510,3,2,2,Villa
BRIGHTON EAST 1/120 Thomas Street VIC 3187,$630.00,3,1,1,House
HOPPERS CROSSING 18 Rudolph Street VIC 3029,$400,3,2,2,House
PAKENHAM 6 Dundee Court VIC 3810,$400 Per Week,3,2,2,House
address,price,beds,baths,parking,propertyTypeFormatted
MADDINGLEY 8 Essence Boulevard VIC 3340,$530,4,2,2,House
ALTONA NORTH 36 Duosa Road VIC 3025,$490 per week,3,1,2,House
WYNDHAM VALE 25 Pelham Crescent VIC 3024,$370,3,2,2,House
WYNDHAM VALE 48 Brougham Avenue VIC 3024,$380 per week,3,2,2,House
NEWPORT 1a Graham Street VIC 3015,$540.00,2,1,1,House
BLACK ROCK 278 Beach Road VIC 3193,"$1,150.00",4,3,2,House
DROUIN 35 Timbertop Crescent VIC 3818,$520 PER WEEK,3,2,2,House
PAKENHAM 1 Loxton Way VIC 3810,$595 Per Week,4,2,3,House
WERRIBEE 80 Silvereye Crescent VIC 3030,$335,3,2,0,House
PAKENHAM 11 Clairwood Avenue VIC 3810,$400 per week,3,2,1,House
DROUIN 43 Harmon Drive VIC 3818,$470 per week,3,2,2,House
WERRIBEE 2 Quamby Court VIC 3030,$350,3,2,2,House
SPRINGVALE Rear 95 Springvale Road VIC 3171,$450 weekly,3,1,1,House
DIGGERS REST 23 Splendour Circuit VIC 3427,$420 Per Week,3,2,2,House
PAKENHAM 2 Stable Street VIC 3810,$500 Per Week,4,2,2,House
WYNDHAM VALE 5 Wilton Close VIC 3024,$350,4,1,4,House
FLEMINGTON 47 Waltham Street VIC 3031,$475.00,3,1,0,House
PAKENHAM 3 Deveney Street VIC 3810,$400 per week,3,1,2,House
CLYDE NORTH 21 Hearthstone Circuit VIC 3978,$490 Per Week,4,2,2,House
WODONGA 28 Craig Circuit VIC 3690,$400 per week,3,2,2,House
address,price,beds,baths,parking,propertyTypeFormatted
NORTHCOTE 225 St. Georges Road VIC 3070,$595,2,1,1,House
TRUGANINA 97 Marquands Road VIC 3029,$480,4,2,2,House
SEAFORD 52 Hadley Street VIC 3198,$420.00,3,1,6,House
SCORESBY 91 George Street VIC 3179,$490.00 per week,3,1,2,House
WEST MELBOURNE 4/30 Dudley Street VIC 3003,$630.00,3,2,1,House
BRUNSWICK EAST 7 Queen Street VIC 3057,$750pw / $3259pcm,3,2,2,House
BAYSWATER NORTH 11 Winchester Drive VIC 3153,$600 per week,5,2,2,House
TOORADIN 9 Harewood Street VIC 3980,$550 pw,3,2,2,House
HOPPERS CROSSING 43 Bourke Crescent VIC 3029,$420,3,2,2,House
CRANBOURNE 11 Glenwood Court VIC 3977,$480 per week,3,1,6,House
WANTIRNA 20 Dumfries Way VIC 3152,$575.00 per week pw,5,3,3,House
WARRNAMBOOL 238A Koroit Street VIC 3280,$380 per week,2,1,1,House
FITZROY 1/54 Marion Street VIC 3065,$500.00,1,1,0,House
BERWICK 11 Misty Close VIC 3806,$640 Per Week,4,2,2,House
FITZROY NORTH 119 Rae Street VIC 3068,$500.00,2,1,0,House
WODONGA 11 Mitchell Street VIC 3690,$380 per week,3,1,1,House
SOUTH MELBOURNE 15 Dow Street VIC 3205,$750.00 per week,2,1,1,House
NEWPORT 23 Speight Street VIC 3015,$690.00,4,1,3,House
PAKENHAM 44 Darwin Way VIC 3810,$560 per week,5,3,2,House
CARLTON NORTH 465 Station Street VIC 3054,"$1,000.00",3,2,0,House
address,price,beds,baths,parking,propertyTypeFormatted
WILLIAMSTOWN 107 John Street VIC 3016,$700 per week,3,1,0,House
SUNBURY 8 Sorrel Circuit VIC 3429,$480,4,2,2,House
FRASER RISE 32 Forrester Grove VIC 3336,$420,3,2,1,House
WYNDHAM VALE 1 Glee Street VIC 3024,$360,3,2,2,House
WYNDHAM VALE 2/16 Mermaid Crescent VIC 3024,$340,2,1,1,House
SOUTH MELBOURNE 76 Nelson Road VIC 3205,$1200.00 per week,4,2,1,House
BRIGHTON EAST 14 Mackie Grove VIC 3187,"$1,700.00",4,3,3,House
WYNDHAM VALE 28 Brookside Drive VIC 3024,$420,4,2,2,House
ALTONA MEADOWS 37 Crellin Avenue VIC 3028,$460 pw,3,2,2,House
CARLTON 124 Rathdowne Street VIC 3053,$830.00,4,1,0,House
PAKENHAM 17 Torre Road VIC 3810,$400 per week,4,2,2,House
OFFICER 6 Bolton Grove VIC 3809,$440 Per Week,3,2,2,House
PAKENHAM 39 Rockford Street VIC 3810,$410 per week,4,2,2,House
BRUNSWICK 10 Lydia Street VIC 3056,$650.00,2,1,1,House
CARLTON NORTH 690 Canning Street VIC 3054,$880.00,4,1,0,House
PAKENHAM 1/30 Silver Gum Drive VIC 3810,$400 Per Week,3,2,1,House
WERRIBEE 20 Deutgam Street VIC 3030,$480 per week,3,2,4,House
MERNDA 11 Greig Drive VIC 3754,$540.00 per week,4,2,2,House
OFFICER 10 Kallista Circuit VIC 3809,$500.00 per week,4,2,2,House
ASCOT VALE 9 Haven Crescent VIC 3032,$590.00,3,2,1,House
address,price,beds,baths,parking,propertyTypeFormatted
NEWPORT 4/5 Grieves Street VIC 3015,$690 per week,3,2,3,House
NEWPORT 11 Davies Street VIC 3015,$750 per week,4,2,4,House
MANOR LAKES 14 Firecrest Road VIC 3024,$400,4,2,2,House
WILLIAMSTOWN 106 Stevedore Street VIC 3016,$600.00,3,2,1,House
PRESTON 437 Gilbert Road VIC 3072,$750 p/w Bond $3250,3,1,1,House
RICHMOND 7/65 York Street VIC 3121,$350 per week,1,1,1,House
MANOR LAKES 44 Amaretto Circuit VIC 3024,$360,3,2,1,House
DROUIN 106 Longwarry Road VIC 3818,$550 P/W FULLY FURNISHED,3,2,3,House
MANOR LAKES 26 Truffle Circuit VIC 3024,$500 per week,5,2,2,House
PAKENHAM 1 Leigh Drive VIC 3810,$650 PER WEEK,3,2,8,House
ESSENDON 20/18 Raleigh Street VIC 3040,$370.00,2,1,1,House
NEWPORT 6 Loft Reserve Road VIC 3015,$600 per week,3,2,1,House
CRANBOURNE NORTH 6 Bronson Circuit VIC 3977,$545 per week,4,2,2,House
OFFICER 60 Heathcote Grove VIC 3809,$440 per week,3,2,1,House
ST KILDA EAST 17 Empress Rd VIC 3183,$750 weekly,3,1,0,House
CARLTON 106 Keppel Street VIC 3053,$730.00,2,2,1,House
CARLTON 40 Dorrit Street VIC 3053,$625.00,2,2,0,House
FLINDERS 440 Keys Road VIC 3929,$4000 pw,6,4,2,House
CARNEGIE 87 Mimosa Road VIC 3163,"$1,200",4,2,3,House
OFFICER 45 Koba Way VIC 3809,$520 Per Week,4,2,2,House
address,price,beds,baths,parking,propertyTypeFormatted
PRAHRAN 12 Bayview Street VIC 3181,$720 Per Week,3,1,3,House
SOUTH YARRA 76 Millswyn Street VIC 3141,"$1,700.00 Per Week",2,2,1,House
BRIGHTON 41 Bay Street VIC 3186,"$1,490.00",4,2,2,House
FAWKNER 46 Mutton Road VIC 3060,$420,3,1,2,House
ARMADALE 4a Fetherston Street VIC 3143,"$2,200.00",3,2,2,House
WINDSOR 124 Punt Road VIC 3181,$795.00,4,2,2,House
COBURG 40 Higinbotham Street VIC 3058,$560,3,1,2,House
CANTERBURY 22 Daphne Street VIC 3126,950 Per Week,4,2,2,House
ST KILDA 12 Gurner Street VIC 3182,"$1,750.00",4,2,1,House
TOORAK 9 Tyalla Crescent VIC 3142,$795.00,3,2,2,House
BALWYN NORTH 83 Clifton Street VIC 3104,$650 per week,4,1,2,House
MALVERN 22 Ethel Street VIC 3144,"$1,750.00 Per Week",5,2,2,House
GLEN IRIS 6 Kenilworth Grove VIC 3146,$650 per week,3,1,3,House
MOUNT WAVERLEY 478 Highbury Road VIC 3149,$640.00 Per Week,3,1,3,House
FRANKSTON 145 Cranbourne Frankston Road VIC 3199,$500 per week,3,1,3,House
OAKLEIGH 30 Oxford St VIC 3166,$990 weekly,4,1,4,House
RINGWOOD NORTH 1 Belle Vue Avenue VIC 3134,$480 per week,3,1,0,House
FLEMINGTON 12 Ascot Vale Road VIC 3031,$470 Per Week,2,1,1,House
GISBORNE 4 Watt Street VIC 3437,$590.00,3,2,2,House
SUNSHINE WEST 9 Rautman Crescent VIC 3020,$415,3,2,2,House
address,price,beds,baths,parking,propertyTypeFormatted
MARIBYRNONG 45 Cedar Drive VIC 3032,$895.00,4,2,2,House
BONBEACH 24 Cannes Avenue VIC 3196,$580 pw,4,1,4,House
EUMEMMERRING 32-34 Doveton Avenue VIC 3177,$350,3,1,1,House
TRUGANINA 49 Ionica Loop VIC 3029,$450 per week,4,2,2,House
MELTON SOUTH 6 Hollybrook St VIC 3338,$380 per week,3,2,2,House
STRATHTULLOH 19 Selbourne Street VIC 3338,$420 per week,4,2,2,House
THORNHILL PARK 9 Houston Drive VIC 3335,$420 per week,4,2,2,House
NARRE WARREN 1 Juncus Street VIC 3805,$520,4,3,2,House
ELWOOD 102 Mitford Street VIC 3184,$775.00 per week,2,1,0,House
HAMPTON PARK 1/26 Beckington Crescent VIC 3976,$360 weekly,3,1,1,House
ENDEAVOUR HILLS 4 Bedford Court VIC 3802,$410 weekly,3,1,2,House
GISBORNE 8 Morrow Road VIC 3437,$480,3,1,0,House
MERNDA 7 Underhill Road VIC 3754,$450 per week,3,2,2,House
MORNINGTON 15 Inglis Street VIC 3931,$580 per week,3,1,1,House
POINT COOK 6 Evesham Drive VIC 3030,$470,4,2,2,House
KALORAMA 11 Rosemont Crescent VIC 3766,$600,3,2,2,House
CLAYTON SOUTH 41 Bellavista Crescent VIC 3169,$460 PER WEEK,3,1,2,House
BONNIE BROOK 76 Gibsons Circuit VIC 3335,$420,3,2,2,House
COBURG 504/14-20 Nicholson Street VIC 3058,$350 Per Week,1,1,1,House
BENTLEIGH 13 Gordon Street VIC 3204,$640.00,3,1,2,House
address,price,beds,baths,parking,propertyTypeFormatted
GISBORNE 17 Alcheringa Court VIC 3437,$700,4,2,2,House
GOWANBRAE 5/2 Lanark Way VIC 3043,$440,3,2,2,House
CRAIGIEBURN 23 Meyers Walk VIC 3064,$380 Per Week,2,2,1,House
ROWVILLE 18 Carrara Rd VIC 3178,$430.00 per week,3,1,2,House
HOPPERS CROSSING 1A Lyndall Court VIC 3029,$375,3,2,1,House
SUNBURY 12 Jersey Drive VIC 3429,$520,4,2,2,House
ASCOT VALE 188 St Leonards Road VIC 3032,$600.00,3,2,2,House
PAKENHAM 19 Cohens Way VIC 3810,$420 per week,3,2,2,House
TULLAMARINE 1/131 Mickleham Road VIC 3043,$350,2,1,1,House
OFFICER 11 Flanagan Avenue VIC 3809,$500 Per Week,4,2,2,House
CROYDON NORTH 7 Turkeith Crescent VIC 3136,530 per week pw,3,1,2,House
NARRE WARREN 11 Balcombe Court VIC 3805,$420 p.w.,3,2,2,House
FAWKNER 4 Somerlayton Crescent VIC 3060,$380 Per Week,3,1,1,House
CARRUM DOWNS 10 Woodvale Drive VIC 3201,$460 pw,3,2,2,House
MOUNT ELIZA 28 Mcgown Road VIC 3930,$1300 per week,4,2,2,House
OAKLEIGH 19 Regent Street VIC 3166,$550.00,3,2,1,House
OFFICER SOUTH 62 Leeson Street VIC 3809,$390 Per Week,3,2,1,House
FRANKSTON 16 Macorna Street VIC 3199,$440 pw,3,1,2,House
DANDENONG NORTH 33 Kandra Street VIC 3175,$550,4,2,2,House
SOUTH MORANG 50 Le Page Run VIC 3752,$540 per week,4,2,2,House
address,price,beds,baths,parking,propertyTypeFormatted
OFFICER 8 Juniper Street VIC 3809,$400 p.w.,3,2,1,House
NEWPORT 29 Collingwood Road VIC 3015,$760 per week,3,2,1,House
SUNBURY 145 PHILLIP DRIVE VIC 3429,$435,4,2,2,House
RYE 5 Grandview Avenue VIC 3941,$875.00,4,4,4,House
WEIR VIEWS 18 Pegasus Drive VIC 3338,$430 weekly,4,2,2,House
ENDEAVOUR HILLS 91 Shetland Street VIC 3802,$390,3,1,1,House
MELTON SOUTH 52 Childs Street VIC 3338,$370,4,1,2,House
DEANSIDE 14 Valiant Street VIC 3336,$480,4,2,2,House
FRANKSTON NORTH 21 Monterey Boulevard VIC 3200,$360 pw,3,1,3,House
CRANBOURNE WEST 79 Morningside Boulevard VIC 3977,$485 per week,3,2,2,House
COBURG 181 Munro Street VIC 3058,$500 Per Week,3,1,1,House
GISBORNE 45 Sunny Park Close VIC 3437,$470.00,3,2,2,House
BRUNSWICK EAST 8 Jenkin Street VIC 3057,$925pw / $4019pcm,2,2,1,House
VERMONT SOUTH 31 Mont Court VIC 3133,$525,3,2,2,House
OAK PARK 2 Nerissa Grove VIC 3046,$495,2,2,2,House
SUNSHINE WEST 6 Struga Road VIC 3020,$580,5,2,2,House
CHELTENHAM 48 Tulip Grove VIC 3192,$570 pw,3,1,4,House
ALBION 10 Merlow Street VIC 3020,$440,3,2,2,House
CROYDON NORTH 3 Hanwell Court VIC 3136,$650 per week,4,2,2,House
ROWVILLE 60 Simon Avenue VIC 3178,$590 per week,5,2,4,House
address,price,beds,baths,parking,propertyTypeFormatted
EAST GEELONG 3 Boyne Avenue VIC 3219,$560.00,4,2,1,House
COBURG 12 Rolland Street VIC 3058,$575.00,2,1,0,House
WYNDHAM VALE 5 Farrier Road VIC 3024,$450.00,4,2,0,House
MOONEE PONDS 28 Elizabeth Street VIC 3039,$530.00,2,1,0,House
"DROUIN 4/Lot 5, 39 Weebar Road VIC 3818",$350 per week,2,1,1,House
DROUIN 2 Chaucer Way VIC 3818,$460 per week,4,2,2,House
MOONEE PONDS 19 Severn Street VIC 3039,$420 Per Week,2,1,0,House
TRAFALGAR 64 Davey Drive VIC 3824,$495pw/$2150pcm,4,2,2,House
OFFICER 70 Babar Drive VIC 3809,$450 per week,3,2,2,House
SOUTH MELBOURNE 13 Tribe Street VIC 3205,$1400.00 per week,3,2,0,House
TRUGANINA 10 Galactic Way VIC 3029,$570,4,3,2,House
BEECHWORTH 6 Loch Street VIC 3747,$500 per week,3,1,0,House
WARRAGUL 3 Kokoda Street VIC 3820,$395pw/$1716pcm,3,1,1,House
BRUNSWICK 14 Lanark Street VIC 3056,$950pw / $4128pcm,4,2,1,House
WARRAGUL 21 Hampton Drive VIC 3820,$540pw/$2346pcm,4,2,2,House
MOUNT ELIZA 7 Dolphin Street VIC 3930,$740 per week,4,2,2,House
BLACKBURN SOUTH 1/50 Lawrence Street VIC 3130,$770 per week,4,3,1,House
FRANKSTON NORTH 287 Frankston Dandenong Road VIC 3200,$360 pw,3,1,1,House
SEAFORD 65a Hadley Street VIC 3198,$420 pw,3,1,1,Semi-Detached
BERWICK 9 Montmorency Avenue VIC 3806,$520 p.w.,4,2,2,House
address,price,beds,baths,parking,propertyTypeFormatted
FOREST HILL 6 Bogong Court VIC 3131,$430,3,1,1,House
CAROLINE SPRINGS 36 Arroyo Place VIC 3023,$440 per week,3,2,2,House
CAROLINE SPRINGS 3 Fawkner Place VIC 3023,$500 per week,5,2,2,House
DELAHEY 3 Buninyong Way VIC 3037,$440 per Week,3,2,2,House
STRATHTULLOH 21 Wembley Avenue VIC 3338,$395 per week,3,2,2,House
WERRIBEE 17 Somerset Close VIC 3030,$325 pw,3,1,1,House
VERMONT 38 Woodcrest Rd VIC 3133,$450,4,1,2,House
BRUNSWICK 9 Fallon Street VIC 3056,$730pw / $3172pcm,3,1,1,House
ALPHINGTON 55 Keith Street VIC 3078,$670,3,1,2,House
WOODEND 16 Tree Change Way VIC 3442,$530,4,2,2,House
DEANSIDE 12 Chateau Promenade VIC 3336,$435 per week,4,2,1,House
VERMONT 6 Lexington Street VIC 3133,$395,2,1,1,House
WERRIBEE SOUTH 2 Maimones Road VIC 3030,$280 per week,2,1,3,House
WOLLERT 27 Walkhill Drive VIC 3750,$550.00,4,2,4,House
MOUNT EVELYN 8A Birmingham Road VIC 3796,$250 per week,1,1,1,House
WARRAGUL 17 Kendal Avenue VIC 3820,$450 per week,3,2,2,House
WARRAGUL 30 Parkhead Circuit VIC 3820,$400 per week,3,1,2,House
CLAYTON SOUTH 3 Beswick Street VIC 3169,$420.00,3,1,3,House
DANDENONG NORTH 14 Boronia Avenue VIC 3175,$390,3,1,0,House
WARRAGUL 67 Silkwood Drive VIC 3820,$495 per week,4,2,2,House
address,price,beds,baths,parking,propertyTypeFormatted
NEWPORT 20 Elphin Street VIC 3015,$475 per week,3,1,1,House
POINT COOK 11 Aruba Avenue VIC 3030,$460,4,2,2,House
POINT COOK 22 Gardener Drive VIC 3030,$400,3,2,1,House
GREENVALE 32 Lucy Crescent VIC 3059,$650,4,2,2,House
DOREEN 12 Sukarna Court VIC 3754,$520.00,4,2,2,House
CARRUM DOWNS 53 Clifton Park Drive VIC 3201,$550.00 pw,3,2,2,House
BRUNSWICK 23 Union Street VIC 3056,$980pw / $4258pcm,4,1,0,Terrace
WERRIBEE 4/11 Edgar Street VIC 3030,$300 pw,2,1,1,House
NORTH MELBOURNE 4 Gardiner Street VIC 3051,$580.00,3,1,1,House
CLAYTON 2/27 Bettina Street VIC 3168,$550,3,2,1,House
CHELTENHAM 6 Garfield Street VIC 3192,$585.00,3,1,2,House
WARRAGUL 7 Tambo Drive VIC 3820,$495 per week,4,2,4,House
OFFICER 19 Rix Road VIC 3809,$520 per week,4,2,2,House
BROADMEADOWS 1 Rodney Court VIC 3047,$490 per week,3,2,2,House
TEMPLESTOWE 115 Atkinson Street VIC 3106,$450.00,3,1,2,House
CLYDE 21 Pump House Crescent VIC 3978,$500 per week,4,2,2,House
VERMONT 10/11-13 McClares Road VIC 3133,$410,2,2,1,Villa
CAULFIELD 13 Anderson Street VIC 3162,$750.00,3,1,3,House
WYNDHAM VALE 98 Millbrook Drive VIC 3024,$370 per week,3,2,1,House
NOBLE PARK 4/21-23 Kelvinside Rd VIC 3174,$600 weekly,4,3,2,House
address,price,beds,baths,parking,propertyTypeFormatted
TRUGANINA 14 Mingay Close VIC 3029,$400,3,1,1,House
PAKENHAM 15 Wendy Way VIC 3810,$480 Per Week,4,2,2,House
BRUNSWICK 100 Union Street VIC 3056,$920.00,3,2,2,House
KINGS PARK 24 Gum Road VIC 3021,$520,4,2,0,House
WERRIBEE 17 Kasem Drive VIC 3030,$450 per week,3,2,2,House
TRUGANINA 10 Sahara Way VIC 3029,$380,3,2,1,House
PAKENHAM 34 Ashford Drive VIC 3810,$445 Per Week,3,2,2,House
PAKENHAM 9 Niseko Crescent VIC 3810,$480 per week,4,2,2,House
BRIGHTON 5 Budd Street VIC 3186,"$1,250.00",3,2,2,House
RESERVOIR 40 Andrews Avenue VIC 3073,$400 pw,3,1,2,House
WERRIBEE 68 Dawley Circuit VIC 3030,$380 Per Week,4,2,2,House
WANTIRNA 2 Balmain Court VIC 3152,$470 per week,3,1,2,House
OAK PARK 1/36 Grevillia Road VIC 3046,$410.00,2,1,1,Villa
BEECHWORTH 27 Hayes Drive VIC 3747,$600 per week,4,2,2,House
MERNDA 10 Plough Street VIC 3754,$450.00 per week,4,2,2,House
CRANBOURNE NORTH 35 Freshfields Drive VIC 3977,$450 per week,3,2,1,House
GLADSTONE PARK 63 South Circular Road VIC 3043,$400 per week,3,1,4,House
AIRPORT WEST 85 Moore Road VIC 3042,$420,3,1,1,House
CLYDE NORTH 7 Sunlight Avenue VIC 3978,$475 per week,4,2,2,House
CAROLINE SPRINGS 8 Mt Eccles Place VIC 3023,$600 per week,4,2,2,House
address,price,beds,baths,parking,propertyTypeFormatted
WYNDHAM VALE 37 Stream Road VIC 3024,$420,4,2,2,House
YARRAVILLE 55 Powell Street VIC 3013,$850 pw,4,2,2,House
COBURG 22 Linda Street VIC 3058,$520 Per Week,2,1,0,House
WEST MELBOURNE 228 Adderley Street VIC 3003,$900 pw,3,2,1,House
CARLTON 49 Macarthur Place VIC 3053,$580.00,2,1,0,House
NARRE WARREN SOUTH 60 Fleet Street VIC 3805,$480.00 per week,4,2,2,House
DROUIN 32 Horsetail Way VIC 3818,$420 PER WEEK,3,2,1,House
WERRIBEE 29 Anderson Street VIC 3030,$280,2,1,2,House
MAIDSTONE 1/15 Cambridge Street VIC 3012,$415.00,3,1,2,House
YARRAVILLE 47 Benbow Street VIC 3013,$500.00,3,1,2,House
GLENROY 2/39 Beatty Avenue VIC 3046,$470,3,2,1,House
TARNEIT 4 Bianca Boulevard VIC 3029,$370,3,2,2,House
WERRIBEE 3/20-22 Retreat Place VIC 3030,$370,3,1,2,House
COBURG 46 Devon Avenue VIC 3058,$515 per week,3,1,2,House
HOPPERS CROSSING 2 Beverley Court VIC 3029,$350,3,2,2,House
SPRINGVALE 3 Thames Avenue VIC 3171,$420 weekly,3,1,1,House
DARLEY 8 Valentina Drive VIC 3340,$400 per week,4,2,2,House
WILLIAMSTOWN 8A Jobson Street VIC 3016,$700 per week,3,2,2,House
WERRIBEE 8 Radisson Crescent VIC 3030,$420 per week,4,2,2,House
LANGWARRIN 5 Elana Court VIC 3910,$650.00 per week,4,2,2,House
address,price,beds,baths,parking,propertyTypeFormatted
PAKENHAM 29 Stable Street VIC 3810,$550 per week,4,2,2,House
THOMASTOWN 9 Currajong Street VIC 3074,$400 per week,3,1,5,House
CHELTENHAM 22A Heather Grove VIC 3192,$560.00,2,2,2,House
BAYSWATER NORTH 13 Westwood Drive VIC 3153,$480 per week,3,2,2,House
COBURG 8 Sargood Street VIC 3058,$750.00,5,1,0,House
HARKNESS 2 Oakpark Drive VIC 3337,$380 per week,3,2,1,House
COBURG 29 Rose Street VIC 3058,$995 Per Week,6,2,2,House
NORTHCOTE 2 Vauxhall Road VIC 3070,$850.00,3,1,1,House
BUNYIP 17 Abeckett Road VIC 3815,$460.00 per week,3,2,2,House
SEDDON 14 Junction Street VIC 3011,$420 per week,2,1,0,House
MERNDA 9 Balvicar Way VIC 3754,$405.00,4,2,2,House
PRAHRAN 12 Gertrude Street VIC 3181,$795 per week,3,1,1,House
COBURG 129 Shaftsbury Street VIC 3058,$625.00,3,2,0,House
WERRIBEE 4 Swan Street VIC 3030,$370 per week,4,1,2,House
ROCKBANK 7 Restful Way VIC 3335,$420 per week,4,2,2,House
BUNDOORA 15 Balmoral Avenue VIC 3083,$549,3,1,3,House
HOPPERS CROSSING 9 Dawe Court VIC 3029,$330 per week,3,1,1,House
GLEN IRIS 44 Maitland Street VIC 3146,$550.00,4,1,1,House
MENTONE 37 Beach Road VIC 3194,$900 pw,3,2,2,House
WARRNAMBOOL 13 Bradley Street VIC 3280,$350,3,1,0,House
address,price,beds,baths,parking,propertyTypeFormatted
BEAUMARIS 6 Rosemary Rd VIC 3193,"$1,100.00",4,3,2,House
FRANKSTON NORTH 377 Frankston-Dandenong Road VIC 3200,$400 pw,3,1,2,House
OAK PARK 2/63 Rhodes Parade VIC 3046,$380,2,1,1,Villa
MCKINNON 16 Mckinnon Road VIC 3204,$610.00,3,1,0,House
SPRINGVALE 1/31 Lightwood Road VIC 3171,$555 weekly,3,2,2,House
KNOXFIELD 1 Honeypot Close VIC 3180,$600 per week,3,2,2,House
HEIDELBERG WEST 17 Derna Street VIC 3081,$460 pw,3,1,2,House
DEANSIDE 9 Annabel Street VIC 3336,$480,4,2,2,House
HILLSIDE 12 Leslie Court VIC 3037,APPLICATION PENDING,3,2,4,House
OFFICER 2 Ryeburn Street VIC 3809,$570 per week,4,2,2,House
CAULFIELD SOUTH 3 Bent Street VIC 3162,$695 weekly,4,2,2,House
WARRAGUL 193 Bowen Street VIC 3820,$1956 pcm ($450 per week),4,2,2,House
MOONEE PONDS 3 Albert Street VIC 3039,$570.00,2,2,0,House
CHELSEA 1/12 Berwen Street VIC 3196,$660.00,3,1,1,House
MOONEE PONDS 30 Ngarveno Street VIC 3039,$595.00,3,1,1,House
FRANKSTON NORTH 48 Pine Street VIC 3200,$415,3,1,2,House
FRANKSTON SOUTH 20 Hamilton Grove VIC 3199,$520 Per Week,4,1,2,House
CARLTON 106 Palmerston Street VIC 3053,$630.00,3,1,0,House
DANDENONG NORTH 1471 HEATHERTON ROAD VIC 3175,$470,3,1,2,House
PAKENHAM 10 Shirley Street VIC 3810,$460 per week,4,2,2,House
address,price,beds,baths,parking,propertyTypeFormatted
ALTONA NORTH 42A The Broadway VIC 3025,$560 per week,3,2,1,House
PAKENHAM 65 Lakeside Blvd VIC 3810,$450 per week,3,3,1,House
MOUNT DUNEED 56 Grevillea Drive VIC 3217,$495 per week,4,2,3,House
YARRAVILLE 23 Mill Avenue VIC 3013,$710.00,3,2,2,House
BENTLEIGH EAST 60 Wingate Street VIC 3165,$600 weekly,3,2,3,House
SUNBURY 5 Bridle Street VIC 3429,$580,4,2,2,House
WANTIRNA SOUTH 23 Fraser Crescent VIC 3152,$505 per week,4,2,2,House
WANTIRNA 2/29 Gresford Road VIC 3152,$430 per week,3,1,2,House
TARNEIT 1/54 Oreilly Road VIC 3029,$370 per week,2,1,1,House
CRANBOURNE 28 Grace Street VIC 3977,$400 per week pw,3,1,1,House
FERNTREE GULLY 1 Cinerea Avenue VIC 3156,$420 weekly,3,1,1,House
CAULFIELD NORTH 48 Halstead Street VIC 3161,$680 Per Week,5,3,2,House
NORTH MELBOURNE 138 Curzon Street VIC 3051,$595 pw,3,1,0,House
BRUNSWICK WEST 20 Hamilton Street VIC 3055,$720 Per Week,3,1,0,House
BERWICK 6 Poa Mews VIC 3806,$385.00 pw,2,1,1,House
SOMERVILLE 6 Cabernet Drive VIC 3912,$500 pw,3,2,2,House
CLYDE NORTH 26 Freiberger Grove VIC 3978,$485 per week pw,4,2,2,House
TRUGANINA 14 Jura Street VIC 3029,$400,3,2,2,House
DOREEN 32 Peterborough Drive VIC 3754,$450 per week,4,2,2,House
WANTIRNA 24 St Clair Road VIC 3152,$430 per week,3,1,4,House
address,price,beds,baths,parking,propertyTypeFormatted
COBURG 41 Linsey Street VIC 3058,$520.00,3,1,0,House
BORONIA 1 Valerie Street VIC 3155,$425 pw,3,1,0,House
NARRE WARREN 97 Darling Way VIC 3805,$440 Per Week,3,1,0,House
STRATHTULLOH 6 Jasper Way VIC 3338,$380 per week,3,2,2,House
CLIFTON HILL 81 Spensley Street VIC 3068,$990 per week,3,2,2,House
WODONGA 6 Bower Place VIC 3690,$430,3,1,2,House
BENTLEIGH EAST 82 East Boundary Road VIC 3165,$615.00,3,2,3,House
BRUNSWICK 30 Warne Street VIC 3056,$620pw / $2694pcm,2,2,1,House
ASCOT VALE 85A The Parade VIC 3032,$680.00,3,2,2,House
WERRIBEE 4 Moonie Court VIC 3030,$330 pw,3,1,2,House
COBURG NORTH 26 De Chene Parade VIC 3058,$550 per week,3,1,2,House
SPRINGVALE 30 Victoria Avenue VIC 3171,$430 weekly,3,1,2,House
MOUNT WAVERLEY 21 Bond Street VIC 3149,$750 p.w.,5,3,2,House
KENSINGTON 19 Henry Street VIC 3031,$950 Per Week,4,3,0,House
BULLEEN 15 The Crest VIC 3105,$500,3,1,2,House
MOUNT ELIZA 5 Yewers Avenue VIC 3930,$635 Per Week,4,2,2,House
BENTLEIGH EAST 23 Normdale Road VIC 3165,$490.00,4,2,2,House
OFFICER 10 Finnegan Way VIC 3809,$520 per week,4,2,2,House
HEIDELBERG WEST 28 Buna Street VIC 3081,300,2,1,1,House
SUNSHINE WEST 28 Murray Street VIC 3020,$430,3,2,4,House
address,price,beds,baths,parking,propertyTypeFormatted
NEWPORT 55 River Street VIC 3015,$440 per week,2,1,0,House
FRANKSTON 3/44 Queen Street VIC 3199,$560 per week,4,2,2,House
COBURG 47 Bell Street VIC 3058,$570 Per Week,5,1,2,House
MALVERN EAST 10 Darling Road VIC 3145,$899 weekly,5,2,2,House
SEAFORD 73 Kananook Avenue VIC 3198,$680 pw,4,2,2,House
NORTH MELBOURNE 136 Capel Street VIC 3051,$640.00,3,1,0,House
BRIGHTON EAST 31 Primrose Crescent VIC 3187,$520.00 per week,2,1,2,House
WARRAGUL 23 Emberwood Road VIC 3820,$495 PER WEEK,4,2,2,House
CRANBOURNE 1/34 Circle Drive VIC 3977,$470 per week,3,2,2,House
WILLIAMSTOWN 125 Stevedore Street VIC 3016,$530.00,2,1,1,House
POINT COOK 7 Selleck Drive VIC 3030,$410,4,2,2,House
MERNDA 6 Cattlemen Way VIC 3754,$460 pw / $1999 pcm,4,2,2,House
GLADSTONE PARK 4 Elvin Close VIC 3043,$470,3,1,4,House
PRESTON 15 Sylvester Grove VIC 3072,$550 per week,3,1,1,House
COBURG 37A Harding Street VIC 3058,$625 Per Week,4,2,0,House
SPRINGVALE SOUTH 3 Cooper Street VIC 3172,$480 Per Week,3,1,3,House
GISBORNE 47 Grant Avenue VIC 3437,$470.00,3,2,2,House
COBURG NORTH 1A Gould Street VIC 3058,$480 Per Week,3,1,1,Villa
DEANSIDE 1 Angul Parade VIC 3336,$500,4,2,2,House
FRANKSTON NORTH 22 Lehmann Crescent VIC 3200,$370 pw,3,1,1,House
address,price,beds,baths,parking,propertyTypeFormatted
OAKLEIGH EAST 13 Elysium Crescent VIC 3166,$430,3,1,3,House
FOREST HILL 3 Leddy Street VIC 3131,$690 p.w.,4,2,2,House
BEACONSFIELD 20 Copper Beech Road VIC 3807,$515 Per Week,4,2,2,House
SUNSHINE NORTH 9 Ball Street VIC 3020,$350,3,1,1,House
WALLAN 18 Holly Drive VIC 3756,$390.00 per week,4,2,2,House
SPOTSWOOD 50 Hick Street VIC 3015,$600 pw,3,1,2,House
PRAHRAN 61 Chatsworth Road VIC 3181,$600.00 Per Week,2,2,1,House
RYE 7 Gawalla Street VIC 3941,$625.00,3,2,2,House
FAWKNER 18 Bungay Street VIC 3060,"$450.00 per week / $1,950.00 PCM",3,1,5,House
BURNSIDE HEIGHTS 44 Mimosa Way VIC 3023,$450,3,2,2,House
FITZROY NORTH 117 Rowe Street VIC 3068,$790.00,3,1,0,House
WARRNAMBOOL 17 Shirley Grove VIC 3280,$380,3,1,1,House
WERRIBEE 2/9 Valencia Lane VIC 3030,$320,2,1,1,House
WEIR VIEWS 2 Shackell Street VIC 3338,$390 per week,4,2,2,House
BRUNSWICK WEST 126 Pearson Street VIC 3055,$575pw / $2499pcm,2,1,1,House
SANDRINGHAM 4 Cowper Street VIC 3191,"$2,150.00",4,2,2,House
PORT MELBOURNE 25 Bridge Street VIC 3207,$480.00 per week,2,1,0,House
PAKENHAM 20 Bentley Court VIC 3810,$430.00 per week,3,2,1,House
CLYDE 29 Lucid Crescent VIC 3978,$490.00,4,2,2,House
GLADSTONE PARK 2/8 Windermere Crescent VIC 3043,$400 per week,2,1,2,House
address,price,beds,baths,parking,propertyTypeFormatted
ST ALBANS 95 Atheldene Drive VIC 3021,$340 per week,3,1,2,House
NARRE WARREN 18 Nita Close VIC 3805,$380 p.w.,3,2,0,House
BRUNSWICK 8 Trafford Street VIC 3056,$595.00,2,1,0,Terrace
ELWOOD 141 Brighton Road VIC 3184,$400 pw,1,1,0,Semi-Detached
VERMONT 31 Tilson Drive VIC 3133,$375,2,1,1,Villa
HAMPTON EAST 17 Katoomba Street VIC 3188,"$1,100.00",5,3,4,House
BRUNSWICK 73 Albion Street VIC 3056,$565pw / $2455pcm,3,1,1,House
MAIDSTONE 131 Mitchell Street VIC 3012,$350,3,1,1,House
GLENROY 11/70-74 Cardinal Road VIC 3046,$395 Per Week,2,1,1,House
DANDENONG NORTH 183 Rawdon Hill Drive VIC 3175,$500 per week,4,2,1,House
STRATHTULLOH 1 Hatfield Street VIC 3338,$400 per week,3,2,2,House
NORTH MELBOURNE 176 Chetwynd Street VIC 3051,$500 pw,2,1,0,House
COBBLEBANK 86 Riverside Con VIC 3338,$410 weekly,4,2,2,House
ST KILDA 1 Neptune Street VIC 3182,$850 pw,3,1,1,House
WEIR VIEWS 3 Moroka Avenue VIC 3338,$390,4,2,2,House
HILLSIDE 2 Santolin Drive VIC 3037,$400 per week,3,1,3,House
PAKENHAM 10 Hull Cresent VIC 3810,$630 Per Week,4,2,2,House
WARRAGUL 16 Tassel Drive VIC 3820,$475 Per Week,4,2,2,House
OAK PARK 5 Curie Avenue VIC 3046,$400,3,1,3,House
OAKLEIGH 14 John Street VIC 3166,$650,3,1,0,House
address,price,beds,baths,parking,propertyTypeFormatted
WEIR VIEWS 16 Barnato Street VIC 3338,$410 per week ($1782 pcm),4,2,2,House
HARKNESS 7 Maple Close VIC 3337,$440,4,2,2,House
CAMBERWELL 128 Through Road VIC 3124,$995.00,5,2,2,House
FAWKNER 1268 Sydney Road VIC 3060,$395 per week,3,1,2,House
RICHMOND 133 Buckingham Street VIC 3121,$600 per week,2,1,0,House
EYNESBURY 3 Elmore Avenue VIC 3338,$450 per week ($1955 pcm),4,2,2,House
MONT ALBERT 80 Victoria Crescent VIC 3127,"$540pw/$2,346pcm",4,1,2,House
BRUNSWICK WEST 27 Daly Street VIC 3055,$580.00,2,1,0,House
KEW 38 Vaughan Cres VIC 3101,$700.00,3,2,2,House
MALVERN EAST 244 Waverley Road VIC 3145,$750 weekly,3,1,1,House
ASCOT VALE 38 Bank Street VIC 3032,$490 per week,2,1,1,House
DEVON MEADOWS 18 Olive Road VIC 3977,$800 per week,3,1,4,House
BERWICK 3 Penrith Court VIC 3806,$550 Per Week,4,2,1,House
WERRIBEE 182 Tarneit Road VIC 3030,$325,3,1,1,House
MARIBYRNONG 107 Raleigh Road VIC 3032,$725.00,5,3,2,House
WERRIBEE 28 Nantilla Crescent VIC 3030,$495 pw,4,2,4,House
WYNDHAM VALE 26 Lansell Road VIC 3024,$355 pw,4,2,4,House
HAMPTON 8 Banks Avenue VIC 3188,$770 pw,3,1,1,House
SANDRINGHAM 24 Dreadnought Street VIC 3191,"$1,800 pw",4,3,2,House
ATTWOOD 199 Erinbank Crescent VIC 3049,$390,3,1,2,House
address,price,beds,baths,parking,propertyTypeFormatted
KEW 73A Brougham Street VIC 3101,$725 per week,3,2,1,House
TEMPLESTOWE 36 Tuckers Road VIC 3106,"$820pw/$3,563pcm",4,2,2,House
FITZROY 10 Leicester Street VIC 3065,$850.00,3,2,0,House
PRESTON 1-2/102 Murray Road VIC 3072,$650.00,4,2,2,House
CANTERBURY 62 Wentworth Avenue VIC 3126,"$1,025.00",4,2,2,House
GEELONG WEST 4 Wellington Street VIC 3218,Contact Agent,2,1,1,House
HUGHESDALE 188 Kangaroo Road VIC 3166,$750 per week,4,2,2,House
GLEN WAVERLEY 15 Tobias Avenue VIC 3150,$650 per week,5,3,2,House
KEW 36 Cypress Way VIC 3101,"$1,495.00",4,4,2,House
BURWOOD 46 McIntyre Street VIC 3125,$590.00,4,2,3,House
HAWTHORN 493 Glenferrie Road VIC 3122,"$3,500 per week",4,3,4,House
KEW 7 Lower Drive VIC 3101,"$1,500.00",4,2,3,House
OAKLEIGH 13 Hilbert Court VIC 3166,$620.00,3,1,2,House
BERWICK 6 Satsuma Avenue VIC 3806,NO FURTHER APPLICATIONS,4,2,2,House
PRAHRAN 3 Albert Street VIC 3181,$580 Per Week,3,1,0,House
CARLTON 22 Dorrit Street VIC 3053,"$1,100 per week",3,2,2,House
RICHMOND 29 Berry Street VIC 3121,$795 per week,3,1,0,House
BENTLEIGH EAST 108 Marlborough Street VIC 3165,$730.00,4,2,4,House
CARLTON 201 Cardigan VIC 3053,$1450 per week,5,3,0,House
FITZROY NORTH 29 Falconer Street VIC 3068,"$1,000.00",3,1,1,House
